UserId,La,Lo,route,w1,w2,size
1,47.78236848,12.11266839,"[2, 2, 1, 1, 1]",0.60872,0.39128,508
1,47.78236848,12.11266839,"[2, 1, 2, 3, 3]",0.60872,0.39128,2
1,47.78236848,12.11266839,"[2, 1, 3, 3, 1]",0.60872,0.39128,96
1,47.78236848,12.11266839,"[2, 2, 3, 3, 1]",0.60872,0.39128,500
1,47.78236848,12.11266839,"[2, 2, 1, 1, 3]",0.60872,0.39128,275
2,47.91101238,8.469278974,"[2, 2, 2, 3, 1]",0.122298,0.877702,203
2,47.91101238,8.469278974,"[1, 1, 3, 1, 1]",0.122298,0.877702,436
2,47.91101238,8.469278974,"[2, 3, 3, 3, 3]",0.122298,0.877702,454
2,47.91101238,8.469278974,"[1, 1, 3, 3, 3]",0.122298,0.877702,51
2,47.91101238,8.469278974,"[2, 2, 1, 1, 3]",0.122298,0.877702,64
3,52.41136652,9.649392364,"[2, 1, 1, 3, 3]",0.543409,0.456591,239
3,52.41136652,9.649392364,"[1, 2, 2, 1, 3]",0.543409,0.456591,283
3,52.41136652,9.649392364,"[2, 1, 3, 1, 3]",0.543409,0.456591,28
3,52.41136652,9.649392364,"[1, 1, 1, 1, 1]",0.543409,0.456591,78
3,52.41136652,9.649392364,"[2, 1, 1, 1, 3]",0.543409,0.456591,45
4,53.71970244,7.663670618,"[1, 1, 2, 2, 1]",0.85225,0.14775,9
4,53.71970244,7.663670618,"[2, 1, 3, 1, 1]",0.85225,0.14775,357
4,53.71970244,7.663670618,"[2, 1, 1, 1, 3]",0.85225,0.14775,244
4,53.71970244,7.663670618,"[2, 3, 3, 3, 1]",0.85225,0.14775,376
4,53.71970244,7.663670618,"[1, 1, 3, 3, 1]",0.85225,0.14775,220
5,49.03687095,10.11333297,"[2, 3, 3, 3, 1]",0.43987,0.56013,292
5,49.03687095,10.11333297,"[2, 3, 3, 3, 3]",0.43987,0.56013,243
5,49.03687095,10.11333297,"[2, 1, 1, 1, 1]",0.43987,0.56013,302
5,49.03687095,10.11333297,"[1, 1, 1, 1, 3]",0.43987,0.56013,65
5,49.03687095,10.11333297,"[1, 1, 1, 1, 1]",0.43987,0.56013,369
6,53.69409461,7.784194772,"[2, 2, 3, 3, 3]",0.503279,0.496721,415
6,53.69409461,7.784194772,"[1, 1, 2, 3, 3]",0.503279,0.496721,268
6,53.69409461,7.784194772,"[1, 1, 1, 1, 3]",0.503279,0.496721,397
6,53.69409461,7.784194772,"[2, 3, 3, 1, 1]",0.503279,0.496721,246
6,53.69409461,7.784194772,"[2, 2, 2, 1, 3]",0.503279,0.496721,169
7,47.98814288,10.78736926,"[1, 1, 1, 3, 3]",0.818992,0.181008,319
7,47.98814288,10.78736926,"[2, 1, 3, 1, 1]",0.818992,0.181008,161
7,47.98814288,10.78736926,"[2, 1, 1, 1, 3]",0.818992,0.181008,374
7,47.98814288,10.78736926,"[1, 1, 3, 3, 1]",0.818992,0.181008,361
7,47.98814288,10.78736926,"[1, 2, 1, 2, 1]",0.818992,0.181008,233
8,51.4333578,9.594073723,"[2, 3, 3, 3, 3]",0.072223,0.927777,501
8,51.4333578,9.594073723,"[2, 1, 2, 2, 1]",0.072223,0.927777,54
8,51.4333578,9.594073723,"[1, 2, 1, 1, 1]",0.072223,0.927777,39
8,51.4333578,9.594073723,"[1, 1, 3, 3, 3]",0.072223,0.927777,59
8,51.4333578,9.594073723,"[2, 1, 2, 1, 1]",0.072223,0.927777,455
9,52.12187136,11.60796196,"[1, 1, 1, 1, 3]",0.53387,0.46613,505
9,52.12187136,11.60796196,"[1, 1, 2, 1, 1]",0.53387,0.46613,263
9,52.12187136,11.60796196,"[1, 2, 1, 1, 3]",0.53387,0.46613,491
9,52.12187136,11.60796196,"[2, 1, 2, 3, 1]",0.53387,0.46613,122
9,52.12187136,11.60796196,"[2, 1, 2, 1, 3]",0.53387,0.46613,374
10,54.26173835,9.938551713,"[1, 2, 2, 3, 1]",0.08222,0.91778,160
10,54.26173835,9.938551713,"[1, 1, 3, 3, 1]",0.08222,0.91778,301
10,54.26173835,9.938551713,"[1, 3, 1, 3, 1]",0.08222,0.91778,175
10,54.26173835,9.938551713,"[1, 1, 1, 3, 1]",0.08222,0.91778,61
10,54.26173835,9.938551713,"[1, 1, 2, 1, 1]",0.08222,0.91778,307
11,51.20718431,11.14956421,"[1, 1, 1, 1, 3]",0.858605,0.141395,331
11,51.20718431,11.14956421,"[1, 3, 1, 1, 1]",0.858605,0.141395,49
11,51.20718431,11.14956421,"[2, 2, 2, 1, 3]",0.858605,0.141395,447
11,51.20718431,11.14956421,"[2, 1, 3, 3, 3]",0.858605,0.141395,144
11,51.20718431,11.14956421,"[2, 2, 2, 1, 1]",0.858605,0.141395,470
12,51.98441569,8.536649954,"[1, 1, 1, 3, 3]",0.17568,0.82432,58
12,51.98441569,8.536649954,"[1, 2, 1, 3, 3]",0.17568,0.82432,223
12,51.98441569,8.536649954,"[1, 1, 1, 1, 3]",0.17568,0.82432,312
12,51.98441569,8.536649954,"[1, 1, 3, 1, 1]",0.17568,0.82432,314
12,51.98441569,8.536649954,"[1, 2, 2, 2, 1]",0.17568,0.82432,319
13,52.02548425,7.335499166,"[1, 1, 1, 3, 1]",0.117282,0.882718,39
13,52.02548425,7.335499166,"[2, 3, 1, 1, 1]",0.117282,0.882718,500
13,52.02548425,7.335499166,"[2, 2, 1, 1, 3]",0.117282,0.882718,338
13,52.02548425,7.335499166,"[1, 2, 3, 3, 3]",0.117282,0.882718,485
13,52.02548425,7.335499166,"[2, 3, 3, 3, 3]",0.117282,0.882718,330
14,48.91888536,8.385115035,"[2, 1, 1, 2, 3]",0.21971,0.78029,441
14,48.91888536,8.385115035,"[1, 2, 1, 1, 1]",0.21971,0.78029,329
14,48.91888536,8.385115035,"[1, 2, 1, 3, 3]",0.21971,0.78029,379
14,48.91888536,8.385115035,"[2, 2, 1, 3, 1]",0.21971,0.78029,409
14,48.91888536,8.385115035,"[2, 2, 3, 1, 1]",0.21971,0.78029,22
15,52.01760679,7.531533725,"[1, 1, 1, 1, 3]",0.52691,0.47309,62
15,52.01760679,7.531533725,"[1, 1, 3, 3, 1]",0.52691,0.47309,275
15,52.01760679,7.531533725,"[2, 1, 3, 3, 3]",0.52691,0.47309,378
15,52.01760679,7.531533725,"[2, 1, 3, 1, 1]",0.52691,0.47309,235
15,52.01760679,7.531533725,"[2, 1, 1, 1, 3]",0.52691,0.47309,332
16,54.31609355,9.813077174,"[1, 2, 1, 2, 3]",0.849569,0.150431,407
16,54.31609355,9.813077174,"[1, 2, 1, 3, 3]",0.849569,0.150431,168
16,54.31609355,9.813077174,"[2, 2, 1, 2, 1]",0.849569,0.150431,450
16,54.31609355,9.813077174,"[2, 2, 1, 3, 3]",0.849569,0.150431,136
16,54.31609355,9.813077174,"[2, 2, 2, 2, 1]",0.849569,0.150431,503
17,53.09134915,9.45984025,"[1, 2, 2, 2, 1]",0.337339,0.662661,329
17,53.09134915,9.45984025,"[2, 3, 3, 1, 1]",0.337339,0.662661,365
17,53.09134915,9.45984025,"[2, 1, 3, 3, 1]",0.337339,0.662661,50
17,53.09134915,9.45984025,"[2, 1, 2, 1, 1]",0.337339,0.662661,473
17,53.09134915,9.45984025,"[2, 1, 1, 3, 3]",0.337339,0.662661,25
18,51.66184562,8.739290039,"[1, 2, 3, 1, 1]",0.84738,0.15262,447
18,51.66184562,8.739290039,"[1, 2, 1, 3, 1]",0.84738,0.15262,444
18,51.66184562,8.739290039,"[2, 1, 3, 1, 3]",0.84738,0.15262,377
18,51.66184562,8.739290039,"[1, 1, 2, 1, 1]",0.84738,0.15262,308
18,51.66184562,8.739290039,"[1, 2, 1, 1, 3]",0.84738,0.15262,181
19,50.78480919,10.79409725,"[2, 1, 1, 1, 3]",0.940666,0.059334,496
19,50.78480919,10.79409725,"[2, 1, 1, 1, 1]",0.940666,0.059334,71
19,50.78480919,10.79409725,"[1, 1, 2, 1, 3]",0.940666,0.059334,390
19,50.78480919,10.79409725,"[1, 1, 3, 1, 1]",0.940666,0.059334,173
19,50.78480919,10.79409725,"[1, 1, 2, 3, 1]",0.940666,0.059334,118
20,53.15376778,8.832394303,"[2, 1, 2, 1, 1]",0.815272,0.184728,130
20,53.15376778,8.832394303,"[1, 1, 2, 3, 1]",0.815272,0.184728,381
20,53.15376778,8.832394303,"[1, 1, 1, 1, 1]",0.815272,0.184728,409
20,53.15376778,8.832394303,"[2, 1, 3, 1, 3]",0.815272,0.184728,175
20,53.15376778,8.832394303,"[1, 1, 2, 1, 3]",0.815272,0.184728,433
21,51.94136154,8.498566757,"[2, 1, 1, 1, 3]",0.19256,0.80744,306
21,51.94136154,8.498566757,"[2, 1, 1, 2, 3]",0.19256,0.80744,241
21,51.94136154,8.498566757,"[2, 3, 3, 1, 1]",0.19256,0.80744,379
21,51.94136154,8.498566757,"[1, 1, 1, 3, 1]",0.19256,0.80744,7
21,51.94136154,8.498566757,"[1, 1, 2, 3, 1]",0.19256,0.80744,185
22,48.82360496,9.758624545,"[2, 2, 3, 3, 1]",0.53582,0.46418,42
22,48.82360496,9.758624545,"[2, 1, 1, 1, 1]",0.53582,0.46418,318
22,48.82360496,9.758624545,"[1, 1, 1, 3, 3]",0.53582,0.46418,162
22,48.82360496,9.758624545,"[1, 2, 1, 1, 3]",0.53582,0.46418,278
22,48.82360496,9.758624545,"[1, 1, 3, 1, 3]",0.53582,0.46418,333
23,51.03707839,6.932292697,"[1, 1, 1, 3, 3]",0.14916,0.85084,336
23,51.03707839,6.932292697,"[2, 1, 1, 1, 1]",0.14916,0.85084,374
23,51.03707839,6.932292697,"[1, 2, 3, 3, 1]",0.14916,0.85084,143
23,51.03707839,6.932292697,"[2, 3, 3, 1, 1]",0.14916,0.85084,167
23,51.03707839,6.932292697,"[1, 2, 1, 3, 3]",0.14916,0.85084,151
24,52.14699405,7.456343888,"[1, 3, 3, 3, 3]",0.500616,0.499384,250
24,52.14699405,7.456343888,"[1, 2, 1, 1, 3]",0.500616,0.499384,451
24,52.14699405,7.456343888,"[1, 1, 1, 2, 1]",0.500616,0.499384,376
24,52.14699405,7.456343888,"[2, 1, 3, 3, 3]",0.500616,0.499384,98
24,52.14699405,7.456343888,"[2, 1, 3, 1, 3]",0.500616,0.499384,2
25,53.04770712,8.768940646,"[1, 2, 1, 3, 3]",0.95402,0.04598,364
25,53.04770712,8.768940646,"[2, 3, 1, 3, 3]",0.95402,0.04598,463
25,53.04770712,8.768940646,"[2, 1, 3, 1, 3]",0.95402,0.04598,141
25,53.04770712,8.768940646,"[1, 2, 1, 2, 3]",0.95402,0.04598,238
25,53.04770712,8.768940646,"[2, 3, 3, 3, 1]",0.95402,0.04598,270
26,48.02446458,10.80775827,"[2, 2, 2, 2, 1]",0.29351,0.70649,410
26,48.02446458,10.80775827,"[1, 1, 2, 3, 1]",0.29351,0.70649,185
26,48.02446458,10.80775827,"[1, 3, 1, 1, 1]",0.29351,0.70649,206
26,48.02446458,10.80775827,"[1, 2, 1, 3, 1]",0.29351,0.70649,446
26,48.02446458,10.80775827,"[1, 1, 3, 1, 1]",0.29351,0.70649,67
27,52.17082267,7.46181304,"[2, 1, 1, 2, 1]",0.72751,0.27249,102
27,52.17082267,7.46181304,"[1, 1, 1, 3, 1]",0.72751,0.27249,283
27,52.17082267,7.46181304,"[2, 2, 1, 3, 1]",0.72751,0.27249,47
27,52.17082267,7.46181304,"[2, 1, 2, 3, 1]",0.72751,0.27249,151
27,52.17082267,7.46181304,"[1, 3, 3, 3, 3]",0.72751,0.27249,14
28,47.96199623,8.636210168,"[1, 1, 2, 1, 1]",0.68323,0.31677,164
28,47.96199623,8.636210168,"[1, 1, 2, 1, 3]",0.68323,0.31677,208
28,47.96199623,8.636210168,"[1, 2, 1, 3, 3]",0.68323,0.31677,481
28,47.96199623,8.636210168,"[2, 1, 2, 1, 3]",0.68323,0.31677,204
28,47.96199623,8.636210168,"[2, 2, 1, 3, 1]",0.68323,0.31677,453
29,50.81378283,9.598794095,"[2, 2, 3, 3, 3]",0.309142,0.690858,364
29,50.81378283,9.598794095,"[2, 1, 1, 3, 1]",0.309142,0.690858,25
29,50.81378283,9.598794095,"[1, 1, 1, 3, 3]",0.309142,0.690858,123
29,50.81378283,9.598794095,"[1, 2, 3, 1, 3]",0.309142,0.690858,146
29,50.81378283,9.598794095,"[1, 2, 1, 1, 1]",0.309142,0.690858,370
30,49.0139264,10.22075648,"[2, 2, 2, 2, 1]",0.95028,0.04972,378
30,49.0139264,10.22075648,"[1, 1, 3, 1, 1]",0.95028,0.04972,185
30,49.0139264,10.22075648,"[2, 3, 3, 1, 3]",0.95028,0.04972,45
30,49.0139264,10.22075648,"[2, 2, 3, 3, 1]",0.95028,0.04972,66
30,49.0139264,10.22075648,"[2, 1, 1, 1, 1]",0.95028,0.04972,388
31,51.40142914,9.759610301,"[1, 2, 1, 3, 1]",0.75276,0.24724,275
31,51.40142914,9.759610301,"[1, 2, 3, 1, 1]",0.75276,0.24724,125
31,51.40142914,9.759610301,"[1, 3, 1, 3, 3]",0.75276,0.24724,77
31,51.40142914,9.759610301,"[2, 1, 1, 1, 3]",0.75276,0.24724,466
31,51.40142914,9.759610301,"[2, 3, 3, 1, 3]",0.75276,0.24724,488
32,51.69864553,6.526485846,"[2, 2, 2, 1, 1]",0.120621,0.879379,232
32,51.69864553,6.526485846,"[1, 2, 1, 3, 1]",0.120621,0.879379,110
32,51.69864553,6.526485846,"[1, 1, 1, 3, 3]",0.120621,0.879379,156
32,51.69864553,6.526485846,"[2, 1, 2, 2, 3]",0.120621,0.879379,58
32,51.69864553,6.526485846,"[1, 1, 2, 3, 1]",0.120621,0.879379,18
33,49.04016448,8.371380463,"[1, 2, 1, 1, 1]",0.172002,0.827998,278
33,49.04016448,8.371380463,"[2, 2, 1, 2, 3]",0.172002,0.827998,405
33,49.04016448,8.371380463,"[1, 2, 3, 3, 1]",0.172002,0.827998,3
33,49.04016448,8.371380463,"[1, 2, 2, 3, 3]",0.172002,0.827998,470
33,49.04016448,8.371380463,"[1, 3, 1, 3, 3]",0.172002,0.827998,11
34,51.03797448,14.8490029,"[2, 2, 2, 1, 3]",0.847355,0.152645,80
34,51.03797448,14.8490029,"[2, 1, 2, 1, 1]",0.847355,0.152645,136
34,51.03797448,14.8490029,"[1, 1, 2, 1, 3]",0.847355,0.152645,418
34,51.03797448,14.8490029,"[1, 2, 2, 3, 1]",0.847355,0.152645,366
34,51.03797448,14.8490029,"[1, 1, 1, 2, 1]",0.847355,0.152645,138
35,47.63742004,11.2913299,"[2, 2, 3, 3, 3]",0.60936,0.39064,286
35,47.63742004,11.2913299,"[2, 3, 3, 1, 3]",0.60936,0.39064,297
35,47.63742004,11.2913299,"[1, 3, 1, 1, 3]",0.60936,0.39064,216
35,47.63742004,11.2913299,"[1, 2, 2, 2, 3]",0.60936,0.39064,342
35,47.63742004,11.2913299,"[1, 3, 3, 1, 3]",0.60936,0.39064,231
36,49.54797866,12.24544238,"[1, 1, 3, 3, 1]",0.526583,0.473417,47
36,49.54797866,12.24544238,"[1, 1, 2, 3, 3]",0.526583,0.473417,240
36,49.54797866,12.24544238,"[2, 3, 3, 3, 3]",0.526583,0.473417,471
36,49.54797866,12.24544238,"[1, 2, 1, 2, 3]",0.526583,0.473417,83
36,49.54797866,12.24544238,"[1, 1, 1, 1, 1]",0.526583,0.473417,183
37,47.56388436,11.29394009,"[2, 1, 2, 3, 3]",0.360926,0.639074,403
37,47.56388436,11.29394009,"[1, 3, 1, 3, 3]",0.360926,0.639074,442
37,47.56388436,11.29394009,"[1, 3, 3, 1, 1]",0.360926,0.639074,273
37,47.56388436,11.29394009,"[1, 1, 2, 1, 1]",0.360926,0.639074,166
37,47.56388436,11.29394009,"[2, 3, 3, 1, 1]",0.360926,0.639074,318
38,50.09459995,9.105619312,"[2, 3, 3, 1, 3]",0.062603,0.937397,39
38,50.09459995,9.105619312,"[1, 3, 1, 3, 1]",0.062603,0.937397,155
38,50.09459995,9.105619312,"[1, 3, 1, 1, 1]",0.062603,0.937397,503
38,50.09459995,9.105619312,"[2, 2, 3, 1, 3]",0.062603,0.937397,269
38,50.09459995,9.105619312,"[2, 3, 1, 1, 1]",0.062603,0.937397,2
39,49.78397803,6.671186802,"[2, 1, 3, 3, 3]",0.40335,0.59665,416
39,49.78397803,6.671186802,"[1, 1, 2, 3, 1]",0.40335,0.59665,494
39,49.78397803,6.671186802,"[2, 2, 1, 2, 1]",0.40335,0.59665,186
39,49.78397803,6.671186802,"[1, 2, 2, 3, 1]",0.40335,0.59665,370
39,49.78397803,6.671186802,"[1, 1, 3, 3, 1]",0.40335,0.59665,277
40,50.70799476,6.232868959,"[2, 1, 2, 3, 3]",0.160299,0.839701,412
40,50.70799476,6.232868959,"[2, 1, 1, 3, 1]",0.160299,0.839701,115
40,50.70799476,6.232868959,"[2, 2, 2, 2, 1]",0.160299,0.839701,384
40,50.70799476,6.232868959,"[2, 2, 1, 1, 3]",0.160299,0.839701,320
40,50.70799476,6.232868959,"[1, 1, 3, 1, 1]",0.160299,0.839701,203
41,49.02982563,12.81858606,"[1, 1, 1, 3, 3]",0.20831,0.79169,159
41,49.02982563,12.81858606,"[1, 1, 2, 1, 1]",0.20831,0.79169,326
41,49.02982563,12.81858606,"[1, 2, 2, 3, 3]",0.20831,0.79169,262
41,49.02982563,12.81858606,"[1, 2, 2, 1, 1]",0.20831,0.79169,117
41,49.02982563,12.81858606,"[1, 1, 2, 3, 3]",0.20831,0.79169,511
42,49.44170747,8.66812744,"[1, 2, 1, 3, 1]",0.878049,0.121951,83
42,49.44170747,8.66812744,"[1, 2, 3, 3, 1]",0.878049,0.121951,155
42,49.44170747,8.66812744,"[1, 1, 1, 3, 3]",0.878049,0.121951,64
42,49.44170747,8.66812744,"[2, 2, 2, 1, 3]",0.878049,0.121951,175
42,49.44170747,8.66812744,"[2, 1, 1, 1, 3]",0.878049,0.121951,366
43,50.92624634,11.87917433,"[1, 2, 2, 3, 3]",0.48121,0.51879,320
43,50.92624634,11.87917433,"[1, 1, 3, 1, 1]",0.48121,0.51879,322
43,50.92624634,11.87917433,"[1, 2, 2, 1, 1]",0.48121,0.51879,304
43,50.92624634,11.87917433,"[2, 3, 3, 3, 3]",0.48121,0.51879,365
43,50.92624634,11.87917433,"[1, 1, 3, 3, 1]",0.48121,0.51879,197
44,52.27757261,8.139263354,"[2, 1, 2, 1, 3]",0.71691,0.28309,61
44,52.27757261,8.139263354,"[2, 2, 1, 1, 3]",0.71691,0.28309,165
44,52.27757261,8.139263354,"[1, 3, 3, 3, 3]",0.71691,0.28309,200
44,52.27757261,8.139263354,"[2, 1, 2, 3, 3]",0.71691,0.28309,317
44,52.27757261,8.139263354,"[2, 2, 1, 1, 1]",0.71691,0.28309,353
45,49.51121548,8.409112359,"[2, 1, 1, 1, 1]",0.314751,0.685249,396
45,49.51121548,8.409112359,"[2, 2, 2, 1, 1]",0.314751,0.685249,491
45,49.51121548,8.409112359,"[1, 1, 2, 2, 1]",0.314751,0.685249,240
45,49.51121548,8.409112359,"[2, 2, 1, 1, 1]",0.314751,0.685249,414
45,49.51121548,8.409112359,"[1, 1, 1, 1, 3]",0.314751,0.685249,216
46,48.90968549,8.798033618,"[2, 1, 2, 1, 3]",0.02068,0.97932,96
46,48.90968549,8.798033618,"[1, 1, 3, 1, 3]",0.02068,0.97932,122
46,48.90968549,8.798033618,"[2, 2, 2, 2, 1]",0.02068,0.97932,369
46,48.90968549,8.798033618,"[1, 2, 2, 1, 3]",0.02068,0.97932,154
46,48.90968549,8.798033618,"[2, 1, 1, 1, 1]",0.02068,0.97932,205
47,53.65154603,13.92915876,"[2, 1, 1, 1, 3]",0.988573,0.011427,235
47,53.65154603,13.92915876,"[2, 1, 3, 3, 3]",0.988573,0.011427,324
47,53.65154603,13.92915876,"[2, 1, 3, 1, 3]",0.988573,0.011427,27
47,53.65154603,13.92915876,"[1, 2, 2, 3, 1]",0.988573,0.011427,316
47,53.65154603,13.92915876,"[1, 2, 1, 1, 1]",0.988573,0.011427,446
48,50.84594236,6.207607911,"[1, 2, 3, 3, 3]",0.03068,0.96932,94
48,50.84594236,6.207607911,"[1, 1, 1, 3, 1]",0.03068,0.96932,467
48,50.84594236,6.207607911,"[2, 2, 2, 3, 3]",0.03068,0.96932,107
48,50.84594236,6.207607911,"[2, 1, 1, 2, 1]",0.03068,0.96932,145
48,50.84594236,6.207607911,"[2, 1, 1, 1, 3]",0.03068,0.96932,21
49,48.485711,12.31321577,"[1, 2, 2, 3, 3]",0.89637,0.10363,467
49,48.485711,12.31321577,"[2, 1, 1, 3, 1]",0.89637,0.10363,234
49,48.485711,12.31321577,"[1, 2, 1, 3, 1]",0.89637,0.10363,348
49,48.485711,12.31321577,"[1, 3, 1, 1, 3]",0.89637,0.10363,366
49,48.485711,12.31321577,"[2, 2, 1, 3, 3]",0.89637,0.10363,16
50,50.11991615,8.664925828,"[1, 3, 3, 1, 3]",0.076447,0.923553,2
50,50.11991615,8.664925828,"[1, 2, 3, 1, 3]",0.076447,0.923553,112
50,50.11991615,8.664925828,"[1, 1, 2, 2, 1]",0.076447,0.923553,427
50,50.11991615,8.664925828,"[2, 1, 1, 2, 3]",0.076447,0.923553,9
50,50.11991615,8.664925828,"[2, 2, 1, 1, 3]",0.076447,0.923553,414
51,48.53395576,9.058546536,"[1, 1, 2, 1, 3]",0.764482,0.235518,384
51,48.53395576,9.058546536,"[1, 2, 2, 3, 3]",0.764482,0.235518,433
51,48.53395576,9.058546536,"[1, 1, 1, 1, 3]",0.764482,0.235518,395
51,48.53395576,9.058546536,"[2, 1, 2, 2, 1]",0.764482,0.235518,461
51,48.53395576,9.058546536,"[1, 2, 1, 1, 3]",0.764482,0.235518,191
52,52.2700557,14.23871015,"[1, 3, 1, 1, 1]",0.285062,0.714938,189
52,52.2700557,14.23871015,"[2, 1, 1, 1, 1]",0.285062,0.714938,264
52,52.2700557,14.23871015,"[2, 1, 3, 3, 1]",0.285062,0.714938,45
52,52.2700557,14.23871015,"[2, 3, 1, 3, 1]",0.285062,0.714938,37
52,52.2700557,14.23871015,"[1, 2, 2, 1, 3]",0.285062,0.714938,449
53,50.0618892,8.719136354,"[1, 2, 3, 3, 3]",0.326208,0.673792,333
53,50.0618892,8.719136354,"[2, 1, 3, 3, 3]",0.326208,0.673792,311
53,50.0618892,8.719136354,"[2, 2, 1, 2, 1]",0.326208,0.673792,90
53,50.0618892,8.719136354,"[1, 3, 1, 1, 1]",0.326208,0.673792,315
53,50.0618892,8.719136354,"[1, 1, 1, 1, 1]",0.326208,0.673792,483
54,53.14350081,9.421037377,"[1, 1, 1, 1, 3]",0.93759,0.06241,300
54,53.14350081,9.421037377,"[1, 1, 1, 3, 1]",0.93759,0.06241,302
54,53.14350081,9.421037377,"[1, 2, 2, 1, 3]",0.93759,0.06241,478
54,53.14350081,9.421037377,"[1, 1, 2, 1, 1]",0.93759,0.06241,487
54,53.14350081,9.421037377,"[1, 2, 2, 1, 1]",0.93759,0.06241,51
55,53.50718785,14.03865128,"[2, 1, 3, 3, 3]",0.78383,0.21617,279
55,53.50718785,14.03865128,"[2, 3, 1, 1, 3]",0.78383,0.21617,259
55,53.50718785,14.03865128,"[2, 2, 1, 3, 3]",0.78383,0.21617,459
55,53.50718785,14.03865128,"[1, 2, 3, 3, 1]",0.78383,0.21617,343
55,53.50718785,14.03865128,"[2, 1, 1, 1, 1]",0.78383,0.21617,191
56,53.12296943,8.843850905,"[2, 1, 1, 3, 3]",0.083704,0.916296,485
56,53.12296943,8.843850905,"[1, 2, 2, 1, 1]",0.083704,0.916296,19
56,53.12296943,8.843850905,"[1, 3, 3, 3, 3]",0.083704,0.916296,243
56,53.12296943,8.843850905,"[2, 2, 2, 1, 3]",0.083704,0.916296,207
56,53.12296943,8.843850905,"[1, 1, 2, 2, 3]",0.083704,0.916296,305
57,50.37834289,12.04959476,"[1, 1, 2, 1, 1]",0.26625,0.73375,511
57,50.37834289,12.04959476,"[2, 2, 2, 1, 3]",0.26625,0.73375,422
57,50.37834289,12.04959476,"[2, 1, 1, 1, 1]",0.26625,0.73375,134
57,50.37834289,12.04959476,"[2, 1, 2, 1, 3]",0.26625,0.73375,238
57,50.37834289,12.04959476,"[2, 1, 1, 3, 1]",0.26625,0.73375,494
58,47.97766784,12.64510735,"[1, 1, 3, 3, 1]",0.54567,0.45433,419
58,47.97766784,12.64510735,"[1, 2, 3, 1, 3]",0.54567,0.45433,425
58,47.97766784,12.64510735,"[2, 1, 3, 3, 1]",0.54567,0.45433,126
58,47.97766784,12.64510735,"[2, 2, 1, 1, 1]",0.54567,0.45433,334
58,47.97766784,12.64510735,"[1, 2, 2, 1, 1]",0.54567,0.45433,248
59,48.37402643,10.92527736,"[2, 1, 3, 3, 1]",0.0077,0.9923,112
59,48.37402643,10.92527736,"[1, 1, 3, 3, 3]",0.0077,0.9923,137
59,48.37402643,10.92527736,"[2, 2, 3, 3, 3]",0.0077,0.9923,279
59,48.37402643,10.92527736,"[1, 1, 1, 3, 3]",0.0077,0.9923,300
59,48.37402643,10.92527736,"[2, 1, 1, 1, 1]",0.0077,0.9923,94
60,47.9224225,8.455737506,"[2, 3, 1, 1, 3]",0.42831,0.57169,284
60,47.9224225,8.455737506,"[1, 1, 1, 3, 3]",0.42831,0.57169,96
60,47.9224225,8.455737506,"[2, 1, 2, 1, 1]",0.42831,0.57169,52
60,47.9224225,8.455737506,"[1, 3, 1, 1, 3]",0.42831,0.57169,40
60,47.9224225,8.455737506,"[1, 2, 2, 1, 1]",0.42831,0.57169,39
61,51.3102203,6.497808392,"[2, 2, 1, 1, 3]",0.821223,0.178777,455
61,51.3102203,6.497808392,"[2, 1, 3, 1, 1]",0.821223,0.178777,420
61,51.3102203,6.497808392,"[1, 1, 1, 3, 1]",0.821223,0.178777,241
61,51.3102203,6.497808392,"[2, 1, 2, 3, 1]",0.821223,0.178777,124
61,51.3102203,6.497808392,"[2, 2, 3, 1, 3]",0.821223,0.178777,71
62,48.95379894,8.300656881,"[2, 2, 2, 2, 3]",0.493529,0.506471,96
62,48.95379894,8.300656881,"[2, 1, 3, 1, 3]",0.493529,0.506471,487
62,48.95379894,8.300656881,"[1, 1, 2, 1, 1]",0.493529,0.506471,17
62,48.95379894,8.300656881,"[2, 1, 3, 3, 1]",0.493529,0.506471,16
62,48.95379894,8.300656881,"[2, 1, 1, 3, 1]",0.493529,0.506471,92
63,52.15798471,11.69564104,"[1, 1, 3, 3, 1]",0.27752,0.72248,257
63,52.15798471,11.69564104,"[1, 1, 2, 2, 1]",0.27752,0.72248,82
63,52.15798471,11.69564104,"[1, 1, 1, 1, 1]",0.27752,0.72248,51
63,52.15798471,11.69564104,"[2, 1, 1, 1, 3]",0.27752,0.72248,379
63,52.15798471,11.69564104,"[2, 1, 1, 2, 3]",0.27752,0.72248,204
64,52.3881324,10.17162782,"[2, 2, 3, 3, 1]",0.036509,0.963491,306
64,52.3881324,10.17162782,"[1, 2, 2, 1, 1]",0.036509,0.963491,110
64,52.3881324,10.17162782,"[2, 1, 2, 1, 3]",0.036509,0.963491,16
64,52.3881324,10.17162782,"[1, 3, 3, 3, 1]",0.036509,0.963491,52
64,52.3881324,10.17162782,"[2, 1, 1, 3, 1]",0.036509,0.963491,326
65,51.45078906,9.742400029,"[2, 1, 3, 3, 3]",0.146192,0.853808,221
65,51.45078906,9.742400029,"[1, 3, 1, 1, 1]",0.146192,0.853808,172
65,51.45078906,9.742400029,"[2, 1, 1, 1, 1]",0.146192,0.853808,307
65,51.45078906,9.742400029,"[2, 3, 3, 1, 1]",0.146192,0.853808,265
65,51.45078906,9.742400029,"[2, 1, 2, 2, 1]",0.146192,0.853808,274
66,51.53104081,8.029472507,"[2, 3, 3, 3, 1]",0.552763,0.447237,234
66,51.53104081,8.029472507,"[2, 1, 1, 3, 3]",0.552763,0.447237,162
66,51.53104081,8.029472507,"[2, 2, 1, 3, 1]",0.552763,0.447237,336
66,51.53104081,8.029472507,"[2, 2, 2, 2, 3]",0.552763,0.447237,253
66,51.53104081,8.029472507,"[1, 3, 3, 1, 3]",0.552763,0.447237,157
67,50.89291191,6.119338911,"[2, 1, 1, 3, 1]",0.460738,0.539262,220
67,50.89291191,6.119338911,"[1, 1, 1, 1, 3]",0.460738,0.539262,481
67,50.89291191,6.119338911,"[2, 2, 2, 1, 3]",0.460738,0.539262,347
67,50.89291191,6.119338911,"[1, 3, 1, 3, 3]",0.460738,0.539262,500
67,50.89291191,6.119338911,"[1, 3, 3, 1, 1]",0.460738,0.539262,414
68,49.88325676,6.587170739,"[2, 2, 1, 1, 3]",0.993286,0.006714,402
68,49.88325676,6.587170739,"[2, 1, 2, 2, 1]",0.993286,0.006714,368
68,49.88325676,6.587170739,"[1, 1, 1, 3, 1]",0.993286,0.006714,417
68,49.88325676,6.587170739,"[1, 2, 2, 2, 3]",0.993286,0.006714,128
68,49.88325676,6.587170739,"[1, 1, 3, 3, 1]",0.993286,0.006714,81
69,47.67867407,10.35160245,"[1, 1, 1, 1, 1]",0.04214,0.95786,183
69,47.67867407,10.35160245,"[1, 2, 2, 1, 1]",0.04214,0.95786,414
69,47.67867407,10.35160245,"[2, 2, 2, 2, 3]",0.04214,0.95786,141
69,47.67867407,10.35160245,"[1, 1, 1, 1, 3]",0.04214,0.95786,64
69,47.67867407,10.35160245,"[2, 1, 1, 3, 1]",0.04214,0.95786,429
70,52.46518367,13.40440792,"[1, 1, 1, 3, 3]",0.18131,0.81869,37
70,52.46518367,13.40440792,"[2, 1, 3, 1, 1]",0.18131,0.81869,81
70,52.46518367,13.40440792,"[1, 1, 3, 1, 3]",0.18131,0.81869,310
70,52.46518367,13.40440792,"[2, 1, 3, 3, 3]",0.18131,0.81869,501
70,52.46518367,13.40440792,"[1, 1, 3, 1, 1]",0.18131,0.81869,27
71,51.70100363,8.677890215,"[2, 1, 2, 3, 3]",0.284246,0.715754,211
71,51.70100363,8.677890215,"[1, 2, 2, 1, 1]",0.284246,0.715754,138
71,51.70100363,8.677890215,"[2, 1, 2, 1, 1]",0.284246,0.715754,192
71,51.70100363,8.677890215,"[1, 1, 1, 3, 3]",0.284246,0.715754,307
71,51.70100363,8.677890215,"[2, 3, 1, 3, 1]",0.284246,0.715754,330
72,49.372737,10.9510459,"[2, 2, 1, 1, 3]",0.53556,0.46444,232
72,49.372737,10.9510459,"[2, 3, 3, 3, 3]",0.53556,0.46444,230
72,49.372737,10.9510459,"[1, 1, 2, 2, 3]",0.53556,0.46444,70
72,49.372737,10.9510459,"[1, 2, 1, 2, 1]",0.53556,0.46444,106
72,49.372737,10.9510459,"[2, 1, 2, 3, 3]",0.53556,0.46444,135
73,49.21350825,6.989927939,"[2, 2, 3, 3, 1]",0.168925,0.831075,274
73,49.21350825,6.989927939,"[1, 1, 1, 3, 3]",0.168925,0.831075,111
73,49.21350825,6.989927939,"[1, 2, 1, 3, 3]",0.168925,0.831075,99
73,49.21350825,6.989927939,"[2, 1, 2, 2, 1]",0.168925,0.831075,238
73,49.21350825,6.989927939,"[2, 2, 1, 1, 3]",0.168925,0.831075,147
74,49.06045951,8.253582774,"[1, 1, 2, 1, 3]",0.188955,0.811045,341
74,49.06045951,8.253582774,"[2, 1, 2, 3, 1]",0.188955,0.811045,455
74,49.06045951,8.253582774,"[1, 1, 3, 3, 1]",0.188955,0.811045,47
74,49.06045951,8.253582774,"[1, 2, 2, 3, 3]",0.188955,0.811045,59
74,49.06045951,8.253582774,"[1, 2, 3, 1, 1]",0.188955,0.811045,196
75,50.90789585,7.867392643,"[2, 1, 1, 3, 1]",0.105149,0.894851,162
75,50.90789585,7.867392643,"[2, 1, 3, 1, 3]",0.105149,0.894851,347
75,50.90789585,7.867392643,"[1, 1, 2, 3, 3]",0.105149,0.894851,5
75,50.90789585,7.867392643,"[2, 1, 1, 1, 1]",0.105149,0.894851,83
75,50.90789585,7.867392643,"[2, 2, 1, 3, 1]",0.105149,0.894851,397
76,48.04933445,10.7332103,"[1, 2, 1, 1, 1]",0.417057,0.582943,97
76,48.04933445,10.7332103,"[2, 2, 1, 2, 3]",0.417057,0.582943,210
76,48.04933445,10.7332103,"[1, 2, 2, 2, 3]",0.417057,0.582943,244
76,48.04933445,10.7332103,"[1, 2, 1, 3, 3]",0.417057,0.582943,158
76,48.04933445,10.7332103,"[2, 1, 1, 2, 1]",0.417057,0.582943,126
77,49.52905921,10.96381811,"[2, 2, 1, 1, 3]",0.27967,0.72033,408
77,49.52905921,10.96381811,"[2, 1, 3, 1, 1]",0.27967,0.72033,451
77,49.52905921,10.96381811,"[2, 1, 3, 3, 3]",0.27967,0.72033,210
77,49.52905921,10.96381811,"[2, 2, 2, 2, 3]",0.27967,0.72033,394
77,49.52905921,10.96381811,"[1, 2, 1, 2, 3]",0.27967,0.72033,197
78,53.41006455,11.45005799,"[1, 1, 2, 2, 3]",0.01145,0.98855,420
78,53.41006455,11.45005799,"[2, 2, 2, 1, 1]",0.01145,0.98855,315
78,53.41006455,11.45005799,"[2, 1, 3, 1, 3]",0.01145,0.98855,195
78,53.41006455,11.45005799,"[2, 2, 1, 2, 1]",0.01145,0.98855,205
78,53.41006455,11.45005799,"[1, 1, 1, 1, 3]",0.01145,0.98855,106
79,51.19421126,6.407948763,"[1, 2, 1, 1, 3]",0.75886,0.24114,95
79,51.19421126,6.407948763,"[1, 2, 2, 1, 1]",0.75886,0.24114,370
79,51.19421126,6.407948763,"[2, 1, 1, 1, 1]",0.75886,0.24114,223
79,51.19421126,6.407948763,"[1, 1, 1, 1, 1]",0.75886,0.24114,329
79,51.19421126,6.407948763,"[2, 2, 1, 2, 1]",0.75886,0.24114,162
80,51.62589616,8.847795111,"[1, 3, 3, 3, 3]",0.354636,0.645364,21
80,51.62589616,8.847795111,"[2, 1, 1, 1, 3]",0.354636,0.645364,97
80,51.62589616,8.847795111,"[1, 1, 2, 3, 3]",0.354636,0.645364,306
80,51.62589616,8.847795111,"[1, 1, 3, 1, 3]",0.354636,0.645364,5
80,51.62589616,8.847795111,"[1, 2, 1, 2, 1]",0.354636,0.645364,64
81,49.92234601,10.89981078,"[2, 1, 1, 3, 1]",0.153308,0.846692,425
81,49.92234601,10.89981078,"[2, 2, 3, 1, 3]",0.153308,0.846692,359
81,49.92234601,10.89981078,"[2, 2, 2, 1, 1]",0.153308,0.846692,33
81,49.92234601,10.89981078,"[2, 1, 2, 1, 1]",0.153308,0.846692,193
81,49.92234601,10.89981078,"[2, 1, 2, 1, 3]",0.153308,0.846692,227
82,52.17065338,7.466489433,"[1, 1, 2, 3, 1]",0.103518,0.896482,219
82,52.17065338,7.466489433,"[1, 2, 1, 2, 3]",0.103518,0.896482,89
82,52.17065338,7.466489433,"[2, 2, 2, 3, 1]",0.103518,0.896482,228
82,52.17065338,7.466489433,"[1, 2, 3, 3, 3]",0.103518,0.896482,227
82,52.17065338,7.466489433,"[2, 1, 3, 1, 1]",0.103518,0.896482,24
83,51.775457,10.53208831,"[2, 1, 1, 3, 1]",0.74926,0.25074,473
83,51.775457,10.53208831,"[2, 3, 3, 3, 1]",0.74926,0.25074,444
83,51.775457,10.53208831,"[1, 1, 2, 2, 3]",0.74926,0.25074,54
83,51.775457,10.53208831,"[1, 1, 3, 1, 3]",0.74926,0.25074,451
83,51.775457,10.53208831,"[1, 1, 2, 1, 3]",0.74926,0.25074,196
84,47.56526644,7.754899743,"[1, 1, 2, 1, 1]",0.31165,0.68835,345
84,47.56526644,7.754899743,"[2, 2, 1, 1, 1]",0.31165,0.68835,178
84,47.56526644,7.754899743,"[2, 3, 1, 1, 1]",0.31165,0.68835,51
84,47.56526644,7.754899743,"[2, 2, 1, 2, 3]",0.31165,0.68835,442
84,47.56526644,7.754899743,"[1, 1, 1, 3, 3]",0.31165,0.68835,34
85,50.08870144,8.17104236,"[1, 3, 3, 1, 1]",0.477062,0.522938,108
85,50.08870144,8.17104236,"[1, 2, 2, 1, 3]",0.477062,0.522938,180
85,50.08870144,8.17104236,"[1, 1, 1, 1, 3]",0.477062,0.522938,447
85,50.08870144,8.17104236,"[1, 2, 1, 3, 3]",0.477062,0.522938,139
85,50.08870144,8.17104236,"[1, 2, 1, 1, 1]",0.477062,0.522938,467
86,49.76828855,8.694573569,"[2, 2, 1, 1, 3]",0.90782,0.09218,20
86,49.76828855,8.694573569,"[1, 1, 2, 1, 1]",0.90782,0.09218,227
86,49.76828855,8.694573569,"[1, 2, 1, 1, 1]",0.90782,0.09218,356
86,49.76828855,8.694573569,"[2, 1, 1, 1, 1]",0.90782,0.09218,378
86,49.76828855,8.694573569,"[1, 3, 3, 3, 3]",0.90782,0.09218,235
87,47.69954742,11.14817157,"[2, 3, 3, 1, 1]",0.694774,0.305226,471
87,47.69954742,11.14817157,"[2, 2, 2, 3, 1]",0.694774,0.305226,504
87,47.69954742,11.14817157,"[1, 1, 2, 3, 1]",0.694774,0.305226,24
87,47.69954742,11.14817157,"[2, 2, 1, 1, 1]",0.694774,0.305226,213
87,47.69954742,11.14817157,"[2, 1, 1, 2, 3]",0.694774,0.305226,325
88,51.34104921,6.834681133,"[2, 1, 3, 1, 1]",0.40826,0.59174,443
88,51.34104921,6.834681133,"[2, 1, 1, 2, 3]",0.40826,0.59174,11
88,51.34104921,6.834681133,"[1, 1, 2, 1, 3]",0.40826,0.59174,465
88,51.34104921,6.834681133,"[1, 1, 2, 3, 1]",0.40826,0.59174,234
88,51.34104921,6.834681133,"[2, 1, 1, 1, 1]",0.40826,0.59174,318
89,49.985645,9.072462988,"[1, 3, 3, 1, 3]",0.00461,0.99539,391
89,49.985645,9.072462988,"[1, 2, 1, 2, 1]",0.00461,0.99539,57
89,49.985645,9.072462988,"[2, 1, 1, 3, 1]",0.00461,0.99539,395
89,49.985645,9.072462988,"[2, 3, 3, 3, 1]",0.00461,0.99539,166
89,49.985645,9.072462988,"[1, 1, 2, 2, 1]",0.00461,0.99539,45
90,47.95336828,7.839838789,"[1, 1, 1, 3, 3]",0.72208,0.27792,5
90,47.95336828,7.839838789,"[2, 2, 1, 3, 3]",0.72208,0.27792,240
90,47.95336828,7.839838789,"[2, 2, 3, 1, 3]",0.72208,0.27792,110
90,47.95336828,7.839838789,"[2, 2, 1, 2, 3]",0.72208,0.27792,296
90,47.95336828,7.839838789,"[2, 1, 1, 2, 3]",0.72208,0.27792,104
91,53.57853631,9.935446845,"[1, 1, 2, 1, 1]",0.235762,0.764238,188
91,53.57853631,9.935446845,"[2, 2, 2, 1, 1]",0.235762,0.764238,175
91,53.57853631,9.935446845,"[1, 1, 2, 2, 3]",0.235762,0.764238,17
91,53.57853631,9.935446845,"[1, 2, 1, 3, 1]",0.235762,0.764238,56
91,53.57853631,9.935446845,"[2, 1, 3, 3, 1]",0.235762,0.764238,377
92,50.87244889,6.258405806,"[2, 1, 3, 1, 3]",0.0292,0.9708,146
92,50.87244889,6.258405806,"[2, 1, 1, 1, 3]",0.0292,0.9708,286
92,50.87244889,6.258405806,"[1, 3, 3, 3, 1]",0.0292,0.9708,492
92,50.87244889,6.258405806,"[1, 3, 1, 3, 3]",0.0292,0.9708,79
92,50.87244889,6.258405806,"[1, 1, 2, 2, 1]",0.0292,0.9708,244
93,52.42471868,14.25241604,"[1, 2, 3, 1, 3]",0.813627,0.186373,346
93,52.42471868,14.25241604,"[1, 1, 1, 3, 3]",0.813627,0.186373,422
93,52.42471868,14.25241604,"[1, 1, 1, 3, 1]",0.813627,0.186373,397
93,52.42471868,14.25241604,"[1, 1, 1, 1, 1]",0.813627,0.186373,137
93,52.42471868,14.25241604,"[1, 1, 2, 2, 3]",0.813627,0.186373,60
94,49.03013376,12.13459568,"[2, 1, 1, 1, 1]",0.944666,0.055334,258
94,49.03013376,12.13459568,"[2, 1, 3, 1, 3]",0.944666,0.055334,164
94,49.03013376,12.13459568,"[2, 3, 1, 1, 3]",0.944666,0.055334,366
94,49.03013376,12.13459568,"[1, 2, 1, 1, 1]",0.944666,0.055334,2
94,49.03013376,12.13459568,"[2, 2, 3, 1, 1]",0.944666,0.055334,240
95,51.40380233,12.51146946,"[2, 2, 2, 1, 3]",0.55403,0.44597,11
95,51.40380233,12.51146946,"[2, 1, 2, 2, 1]",0.55403,0.44597,117
95,51.40380233,12.51146946,"[1, 1, 1, 3, 3]",0.55403,0.44597,235
95,51.40380233,12.51146946,"[2, 1, 1, 2, 1]",0.55403,0.44597,109
95,51.40380233,12.51146946,"[2, 1, 3, 3, 3]",0.55403,0.44597,503
96,50.71926805,12.38316855,"[1, 1, 1, 3, 3]",0.543885,0.456115,177
96,50.71926805,12.38316855,"[1, 2, 1, 3, 3]",0.543885,0.456115,422
96,50.71926805,12.38316855,"[1, 1, 1, 2, 3]",0.543885,0.456115,8
96,50.71926805,12.38316855,"[1, 1, 1, 1, 1]",0.543885,0.456115,194
96,50.71926805,12.38316855,"[2, 2, 3, 1, 1]",0.543885,0.456115,453
97,49.24528459,6.956109513,"[1, 1, 2, 1, 3]",0.55599,0.44401,245
97,49.24528459,6.956109513,"[1, 2, 2, 2, 3]",0.55599,0.44401,262
97,49.24528459,6.956109513,"[1, 2, 1, 3, 3]",0.55599,0.44401,302
97,49.24528459,6.956109513,"[2, 1, 1, 1, 1]",0.55599,0.44401,450
97,49.24528459,6.956109513,"[2, 2, 1, 1, 1]",0.55599,0.44401,341
98,52.15832554,12.30988058,"[2, 1, 1, 2, 1]",0.47563,0.52437,7
98,52.15832554,12.30988058,"[2, 1, 2, 3, 3]",0.47563,0.52437,366
98,52.15832554,12.30988058,"[1, 1, 1, 1, 3]",0.47563,0.52437,116
98,52.15832554,12.30988058,"[1, 2, 2, 1, 1]",0.47563,0.52437,131
98,52.15832554,12.30988058,"[1, 2, 2, 1, 3]",0.47563,0.52437,393
99,51.23861306,13.22345534,"[1, 1, 1, 3, 3]",0.4102,0.5898,122
99,51.23861306,13.22345534,"[1, 2, 2, 1, 1]",0.4102,0.5898,103
99,51.23861306,13.22345534,"[1, 1, 3, 3, 3]",0.4102,0.5898,343
99,51.23861306,13.22345534,"[1, 1, 1, 3, 1]",0.4102,0.5898,140
99,51.23861306,13.22345534,"[2, 2, 1, 1, 1]",0.4102,0.5898,249
100,47.98063695,8.619458575,"[2, 1, 3, 3, 1]",0.64941,0.35059,219
100,47.98063695,8.619458575,"[1, 1, 1, 1, 3]",0.64941,0.35059,140
100,47.98063695,8.619458575,"[2, 1, 2, 3, 1]",0.64941,0.35059,32
100,47.98063695,8.619458575,"[2, 1, 1, 1, 3]",0.64941,0.35059,507
100,47.98063695,8.619458575,"[2, 3, 1, 3, 3]",0.64941,0.35059,452
101,53.4625339,11.28814012,"[2, 1, 1, 3, 3]",0.251235,0.748765,259
101,53.4625339,11.28814012,"[1, 2, 2, 1, 1]",0.251235,0.748765,82
101,53.4625339,11.28814012,"[1, 1, 1, 3, 3]",0.251235,0.748765,304
101,53.4625339,11.28814012,"[1, 1, 3, 1, 1]",0.251235,0.748765,114
101,53.4625339,11.28814012,"[1, 1, 2, 1, 1]",0.251235,0.748765,474
102,50.01778957,10.20458495,"[2, 2, 2, 3, 1]",0.866769,0.133231,2
102,50.01778957,10.20458495,"[1, 2, 3, 1, 3]",0.866769,0.133231,318
102,50.01778957,10.20458495,"[2, 2, 1, 1, 3]",0.866769,0.133231,385
102,50.01778957,10.20458495,"[1, 2, 3, 1, 1]",0.866769,0.133231,50
102,50.01778957,10.20458495,"[1, 2, 1, 1, 1]",0.866769,0.133231,475
103,48.7880537,9.263972167,"[1, 1, 3, 1, 3]",0.308966,0.691034,112
103,48.7880537,9.263972167,"[2, 1, 3, 1, 3]",0.308966,0.691034,164
103,48.7880537,9.263972167,"[2, 1, 1, 1, 3]",0.308966,0.691034,1
103,48.7880537,9.263972167,"[1, 1, 1, 3, 1]",0.308966,0.691034,74
103,48.7880537,9.263972167,"[1, 2, 1, 3, 1]",0.308966,0.691034,264
104,51.90261145,8.574544507,"[2, 1, 2, 2, 3]",0.399859,0.600141,396
104,51.90261145,8.574544507,"[2, 1, 1, 1, 3]",0.399859,0.600141,154
104,51.90261145,8.574544507,"[2, 1, 3, 3, 1]",0.399859,0.600141,226
104,51.90261145,8.574544507,"[1, 2, 1, 3, 1]",0.399859,0.600141,413
104,51.90261145,8.574544507,"[1, 1, 2, 2, 3]",0.399859,0.600141,116
105,50.78844431,9.525889191,"[1, 2, 2, 1, 3]",0.542849,0.457151,433
105,50.78844431,9.525889191,"[2, 1, 3, 1, 1]",0.542849,0.457151,228
105,50.78844431,9.525889191,"[1, 2, 1, 1, 3]",0.542849,0.457151,354
105,50.78844431,9.525889191,"[2, 2, 2, 1, 1]",0.542849,0.457151,331
105,50.78844431,9.525889191,"[2, 1, 2, 1, 1]",0.542849,0.457151,20
106,52.07101884,8.453532526,"[2, 2, 3, 3, 1]",0.266462,0.733538,163
106,52.07101884,8.453532526,"[1, 1, 1, 1, 3]",0.266462,0.733538,119
106,52.07101884,8.453532526,"[2, 1, 1, 3, 1]",0.266462,0.733538,267
106,52.07101884,8.453532526,"[2, 2, 1, 1, 3]",0.266462,0.733538,180
106,52.07101884,8.453532526,"[1, 1, 1, 1, 1]",0.266462,0.733538,225
107,48.52287372,8.039308101,"[1, 2, 1, 1, 3]",0.59105,0.40895,363
107,48.52287372,8.039308101,"[1, 2, 1, 3, 1]",0.59105,0.40895,284
107,48.52287372,8.039308101,"[1, 1, 2, 2, 1]",0.59105,0.40895,357
107,48.52287372,8.039308101,"[1, 2, 2, 2, 1]",0.59105,0.40895,430
107,48.52287372,8.039308101,"[2, 2, 1, 1, 3]",0.59105,0.40895,104
108,50.60814608,8.63812446,"[1, 3, 1, 3, 3]",0.042,0.958,65
108,50.60814608,8.63812446,"[2, 2, 2, 1, 1]",0.042,0.958,369
108,50.60814608,8.63812446,"[1, 1, 1, 3, 3]",0.042,0.958,200
108,50.60814608,8.63812446,"[2, 1, 3, 3, 1]",0.042,0.958,253
108,50.60814608,8.63812446,"[1, 2, 2, 2, 3]",0.042,0.958,97
109,49.46276967,7.716214785,"[2, 1, 2, 3, 1]",0.91658,0.08342,150
109,49.46276967,7.716214785,"[2, 2, 2, 3, 1]",0.91658,0.08342,77
109,49.46276967,7.716214785,"[2, 2, 1, 3, 1]",0.91658,0.08342,119
109,49.46276967,7.716214785,"[1, 2, 2, 3, 3]",0.91658,0.08342,419
109,49.46276967,7.716214785,"[2, 1, 1, 3, 3]",0.91658,0.08342,369
110,48.78308727,9.27551935,"[2, 1, 3, 1, 1]",0.47614,0.52386,347
110,48.78308727,9.27551935,"[2, 2, 2, 2, 1]",0.47614,0.52386,291
110,48.78308727,9.27551935,"[2, 1, 1, 1, 1]",0.47614,0.52386,423
110,48.78308727,9.27551935,"[2, 2, 3, 1, 1]",0.47614,0.52386,338
110,48.78308727,9.27551935,"[2, 1, 3, 3, 3]",0.47614,0.52386,14
111,51.6888129,6.544269124,"[1, 2, 1, 1, 3]",0.755234,0.244766,468
111,51.6888129,6.544269124,"[2, 1, 3, 3, 3]",0.755234,0.244766,22
111,51.6888129,6.544269124,"[1, 2, 2, 2, 1]",0.755234,0.244766,410
111,51.6888129,6.544269124,"[2, 2, 2, 1, 1]",0.755234,0.244766,50
111,51.6888129,6.544269124,"[1, 2, 2, 1, 3]",0.755234,0.244766,463
112,52.25222392,10.69948027,"[2, 2, 2, 1, 3]",0.918524,0.081476,118
112,52.25222392,10.69948027,"[1, 2, 2, 2, 1]",0.918524,0.081476,106
112,52.25222392,10.69948027,"[2, 1, 1, 1, 1]",0.918524,0.081476,272
112,52.25222392,10.69948027,"[2, 2, 2, 3, 3]",0.918524,0.081476,359
112,52.25222392,10.69948027,"[2, 3, 3, 1, 3]",0.918524,0.081476,104
113,50.27434772,7.531541024,"[1, 1, 3, 1, 3]",0.412275,0.587725,445
113,50.27434772,7.531541024,"[2, 2, 3, 1, 1]",0.412275,0.587725,92
113,50.27434772,7.531541024,"[1, 1, 1, 1, 1]",0.412275,0.587725,119
113,50.27434772,7.531541024,"[2, 3, 1, 3, 3]",0.412275,0.587725,491
113,50.27434772,7.531541024,"[1, 2, 2, 2, 1]",0.412275,0.587725,129
114,52.39735923,9.678980093,"[1, 3, 1, 1, 3]",0.313594,0.686406,300
114,52.39735923,9.678980093,"[2, 2, 2, 1, 1]",0.313594,0.686406,59
114,52.39735923,9.678980093,"[2, 1, 1, 3, 3]",0.313594,0.686406,322
114,52.39735923,9.678980093,"[1, 1, 2, 2, 3]",0.313594,0.686406,380
114,52.39735923,9.678980093,"[2, 1, 1, 1, 3]",0.313594,0.686406,512
115,51.32459655,12.37775755,"[2, 1, 1, 3, 3]",0.802307,0.197693,206
115,51.32459655,12.37775755,"[1, 2, 1, 1, 3]",0.802307,0.197693,113
115,51.32459655,12.37775755,"[2, 2, 2, 1, 3]",0.802307,0.197693,298
115,51.32459655,12.37775755,"[2, 1, 1, 3, 1]",0.802307,0.197693,13
115,51.32459655,12.37775755,"[2, 2, 2, 3, 3]",0.802307,0.197693,230
116,47.5668819,7.756702742,"[2, 2, 2, 1, 3]",0.12907,0.87093,446
116,47.5668819,7.756702742,"[2, 2, 1, 1, 3]",0.12907,0.87093,174
116,47.5668819,7.756702742,"[1, 3, 3, 1, 1]",0.12907,0.87093,15
116,47.5668819,7.756702742,"[1, 1, 2, 1, 3]",0.12907,0.87093,422
116,47.5668819,7.756702742,"[2, 2, 1, 3, 1]",0.12907,0.87093,280
117,50.97194116,6.987306357,"[2, 1, 2, 1, 1]",0.321489,0.678511,225
117,50.97194116,6.987306357,"[2, 1, 2, 3, 1]",0.321489,0.678511,305
117,50.97194116,6.987306357,"[1, 2, 1, 3, 3]",0.321489,0.678511,183
117,50.97194116,6.987306357,"[1, 3, 3, 1, 3]",0.321489,0.678511,356
117,50.97194116,6.987306357,"[2, 2, 2, 1, 1]",0.321489,0.678511,315
118,49.52458888,7.711903556,"[2, 1, 1, 3, 1]",0.173051,0.826949,136
118,49.52458888,7.711903556,"[1, 1, 3, 1, 1]",0.173051,0.826949,188
118,49.52458888,7.711903556,"[2, 2, 1, 3, 1]",0.173051,0.826949,291
118,49.52458888,7.711903556,"[1, 2, 2, 1, 3]",0.173051,0.826949,456
118,49.52458888,7.711903556,"[2, 1, 3, 3, 3]",0.173051,0.826949,507
119,52.23438013,11.67607563,"[2, 2, 1, 1, 1]",0.758219,0.241781,289
119,52.23438013,11.67607563,"[1, 2, 1, 3, 3]",0.758219,0.241781,13
119,52.23438013,11.67607563,"[1, 3, 3, 1, 1]",0.758219,0.241781,56
119,52.23438013,11.67607563,"[2, 1, 3, 1, 1]",0.758219,0.241781,183
119,52.23438013,11.67607563,"[2, 1, 1, 3, 3]",0.758219,0.241781,261
120,48.50234877,8.067596298,"[1, 3, 3, 3, 1]",0.21232,0.78768,337
120,48.50234877,8.067596298,"[1, 1, 1, 2, 1]",0.21232,0.78768,203
120,48.50234877,8.067596298,"[2, 2, 1, 1, 3]",0.21232,0.78768,257
120,48.50234877,8.067596298,"[2, 3, 3, 1, 1]",0.21232,0.78768,269
120,48.50234877,8.067596298,"[1, 2, 2, 1, 1]",0.21232,0.78768,229
121,48.027936,8.585021888,"[2, 1, 2, 3, 1]",0.69844,0.30156,26
121,48.027936,8.585021888,"[1, 1, 1, 3, 3]",0.69844,0.30156,392
121,48.027936,8.585021888,"[1, 3, 1, 3, 1]",0.69844,0.30156,297
121,48.027936,8.585021888,"[2, 2, 1, 1, 3]",0.69844,0.30156,282
121,48.027936,8.585021888,"[1, 2, 1, 3, 1]",0.69844,0.30156,42
122,47.63561321,11.3194154,"[1, 2, 2, 3, 1]",0.831848,0.168152,219
122,47.63561321,11.3194154,"[2, 1, 3, 1, 3]",0.831848,0.168152,308
122,47.63561321,11.3194154,"[2, 2, 2, 1, 3]",0.831848,0.168152,231
122,47.63561321,11.3194154,"[2, 1, 2, 3, 1]",0.831848,0.168152,380
122,47.63561321,11.3194154,"[1, 1, 3, 3, 1]",0.831848,0.168152,410
123,51.68439153,8.689422727,"[2, 1, 1, 2, 1]",0.33713,0.66287,405
123,51.68439153,8.689422727,"[2, 1, 1, 3, 3]",0.33713,0.66287,14
123,51.68439153,8.689422727,"[2, 3, 3, 1, 1]",0.33713,0.66287,111
123,51.68439153,8.689422727,"[1, 1, 1, 3, 3]",0.33713,0.66287,318
123,51.68439153,8.689422727,"[2, 2, 1, 1, 3]",0.33713,0.66287,117
124,53.53696909,9.956258598,"[1, 2, 1, 1, 3]",0.09566,0.90434,346
124,53.53696909,9.956258598,"[2, 1, 1, 2, 3]",0.09566,0.90434,348
124,53.53696909,9.956258598,"[1, 1, 1, 3, 3]",0.09566,0.90434,370
124,53.53696909,9.956258598,"[2, 1, 1, 1, 1]",0.09566,0.90434,124
124,53.53696909,9.956258598,"[1, 2, 2, 2, 3]",0.09566,0.90434,21
125,49.69012078,9.669427157,"[2, 2, 1, 2, 3]",0.831787,0.168213,135
125,49.69012078,9.669427157,"[2, 1, 1, 1, 1]",0.831787,0.168213,7
125,49.69012078,9.669427157,"[2, 2, 3, 3, 3]",0.831787,0.168213,291
125,49.69012078,9.669427157,"[2, 1, 1, 3, 1]",0.831787,0.168213,319
125,49.69012078,9.669427157,"[2, 2, 2, 1, 1]",0.831787,0.168213,458
126,48.54995347,8.011623594,"[1, 1, 1, 1, 3]",0.87952,0.12048,507
126,48.54995347,8.011623594,"[2, 2, 2, 2, 3]",0.87952,0.12048,479
126,48.54995347,8.011623594,"[1, 1, 1, 3, 1]",0.87952,0.12048,278
126,48.54995347,8.011623594,"[2, 2, 2, 2, 1]",0.87952,0.12048,245
126,48.54995347,8.011623594,"[2, 2, 3, 1, 1]",0.87952,0.12048,135
127,52.46695859,13.03852197,"[2, 2, 2, 1, 1]",0.25015,0.74985,361
127,52.46695859,13.03852197,"[2, 2, 1, 1, 1]",0.25015,0.74985,311
127,52.46695859,13.03852197,"[2, 1, 2, 1, 1]",0.25015,0.74985,160
127,52.46695859,13.03852197,"[2, 2, 3, 1, 3]",0.25015,0.74985,279
127,52.46695859,13.03852197,"[1, 1, 2, 3, 3]",0.25015,0.74985,105
128,50.88050464,12.8922241,"[1, 1, 2, 1, 1]",0.87054,0.12946,154
128,50.88050464,12.8922241,"[1, 2, 1, 1, 1]",0.87054,0.12946,26
128,50.88050464,12.8922241,"[1, 2, 3, 3, 3]",0.87054,0.12946,400
128,50.88050464,12.8922241,"[1, 2, 2, 1, 3]",0.87054,0.12946,268
128,50.88050464,12.8922241,"[2, 2, 1, 1, 1]",0.87054,0.12946,373
129,48.83587404,8.821328226,"[2, 2, 1, 3, 3]",0.19338,0.80662,394
129,48.83587404,8.821328226,"[2, 2, 2, 2, 3]",0.19338,0.80662,382
129,48.83587404,8.821328226,"[2, 1, 2, 3, 1]",0.19338,0.80662,390
129,48.83587404,8.821328226,"[2, 1, 3, 3, 1]",0.19338,0.80662,230
129,48.83587404,8.821328226,"[2, 3, 3, 1, 1]",0.19338,0.80662,353
130,50.79053836,10.81370394,"[1, 2, 1, 1, 3]",0.677453,0.322547,369
130,50.79053836,10.81370394,"[2, 3, 3, 3, 1]",0.677453,0.322547,183
130,50.79053836,10.81370394,"[1, 1, 3, 3, 1]",0.677453,0.322547,330
130,50.79053836,10.81370394,"[1, 1, 2, 1, 1]",0.677453,0.322547,33
130,50.79053836,10.81370394,"[1, 3, 3, 1, 3]",0.677453,0.322547,243
131,50.81390115,7.786066874,"[2, 2, 1, 3, 3]",0.532283,0.467717,122
131,50.81390115,7.786066874,"[1, 1, 3, 1, 3]",0.532283,0.467717,161
131,50.81390115,7.786066874,"[1, 1, 3, 1, 1]",0.532283,0.467717,179
131,50.81390115,7.786066874,"[2, 2, 1, 1, 3]",0.532283,0.467717,25
131,50.81390115,7.786066874,"[1, 2, 1, 3, 1]",0.532283,0.467717,208
132,51.03793236,14.80567751,"[1, 1, 3, 3, 3]",0.310727,0.689273,395
132,51.03793236,14.80567751,"[1, 2, 1, 3, 3]",0.310727,0.689273,132
132,51.03793236,14.80567751,"[2, 2, 1, 3, 3]",0.310727,0.689273,35
132,51.03793236,14.80567751,"[2, 2, 1, 1, 1]",0.310727,0.689273,109
132,51.03793236,14.80567751,"[1, 2, 1, 3, 1]",0.310727,0.689273,197
133,53.58977907,9.904816259,"[1, 1, 1, 1, 1]",0.47845,0.52155,96
133,53.58977907,9.904816259,"[1, 1, 2, 1, 1]",0.47845,0.52155,159
133,53.58977907,9.904816259,"[1, 3, 1, 3, 1]",0.47845,0.52155,305
133,53.58977907,9.904816259,"[2, 1, 2, 3, 3]",0.47845,0.52155,52
133,53.58977907,9.904816259,"[1, 2, 1, 2, 1]",0.47845,0.52155,18
134,52.18057333,11.63982225,"[2, 3, 3, 3, 3]",0.874936,0.125064,78
134,52.18057333,11.63982225,"[1, 2, 1, 1, 1]",0.874936,0.125064,414
134,52.18057333,11.63982225,"[2, 2, 1, 1, 3]",0.874936,0.125064,473
134,52.18057333,11.63982225,"[2, 3, 3, 3, 1]",0.874936,0.125064,73
134,52.18057333,11.63982225,"[1, 3, 1, 1, 1]",0.874936,0.125064,215
135,50.81691497,10.75560188,"[1, 2, 1, 3, 1]",0.84636,0.15364,425
135,50.81691497,10.75560188,"[1, 1, 1, 1, 3]",0.84636,0.15364,463
135,50.81691497,10.75560188,"[2, 1, 1, 3, 1]",0.84636,0.15364,146
135,50.81691497,10.75560188,"[2, 3, 1, 3, 3]",0.84636,0.15364,348
135,50.81691497,10.75560188,"[1, 1, 1, 3, 1]",0.84636,0.15364,71
136,48.37104702,12.36609608,"[1, 1, 1, 3, 3]",0.959354,0.040646,213
136,48.37104702,12.36609608,"[1, 2, 1, 1, 1]",0.959354,0.040646,212
136,48.37104702,12.36609608,"[1, 2, 1, 1, 3]",0.959354,0.040646,38
136,48.37104702,12.36609608,"[2, 1, 1, 1, 1]",0.959354,0.040646,474
136,48.37104702,12.36609608,"[2, 1, 1, 3, 1]",0.959354,0.040646,404
137,48.77352483,9.287440198,"[2, 1, 1, 1, 3]",0.401147,0.598853,194
137,48.77352483,9.287440198,"[2, 2, 1, 1, 3]",0.401147,0.598853,107
137,48.77352483,9.287440198,"[2, 2, 2, 2, 1]",0.401147,0.598853,266
137,48.77352483,9.287440198,"[2, 1, 1, 2, 1]",0.401147,0.598853,314
137,48.77352483,9.287440198,"[2, 2, 1, 2, 1]",0.401147,0.598853,463
138,49.92804803,10.27486481,"[1, 1, 1, 3, 1]",0.98891,0.01109,437
138,49.92804803,10.27486481,"[2, 1, 1, 1, 1]",0.98891,0.01109,464
138,49.92804803,10.27486481,"[2, 2, 1, 2, 1]",0.98891,0.01109,2
138,49.92804803,10.27486481,"[2, 1, 2, 3, 1]",0.98891,0.01109,317
138,49.92804803,10.27486481,"[1, 2, 1, 2, 1]",0.98891,0.01109,153
139,51.53928506,7.520856016,"[2, 1, 2, 1, 1]",0.48519,0.51481,98
139,51.53928506,7.520856016,"[2, 1, 3, 1, 1]",0.48519,0.51481,235
139,51.53928506,7.520856016,"[1, 3, 3, 3, 1]",0.48519,0.51481,219
139,51.53928506,7.520856016,"[2, 1, 3, 3, 1]",0.48519,0.51481,48
139,51.53928506,7.520856016,"[2, 1, 1, 1, 3]",0.48519,0.51481,179
140,53.56750317,9.953111299,"[2, 1, 3, 3, 3]",0.644137,0.355863,98
140,53.56750317,9.953111299,"[1, 1, 1, 2, 3]",0.644137,0.355863,137
140,53.56750317,9.953111299,"[2, 1, 1, 1, 1]",0.644137,0.355863,308
140,53.56750317,9.953111299,"[2, 1, 1, 3, 1]",0.644137,0.355863,85
140,53.56750317,9.953111299,"[2, 2, 3, 3, 1]",0.644137,0.355863,372
141,48.19623148,11.79761862,"[2, 2, 1, 1, 1]",0.10701,0.89299,236
141,48.19623148,11.79761862,"[2, 1, 2, 3, 1]",0.10701,0.89299,199
141,48.19623148,11.79761862,"[2, 1, 3, 1, 3]",0.10701,0.89299,410
141,48.19623148,11.79761862,"[1, 1, 2, 3, 3]",0.10701,0.89299,480
141,48.19623148,11.79761862,"[2, 1, 1, 1, 1]",0.10701,0.89299,259
142,52.50365581,10.29652627,"[2, 2, 2, 2, 1]",0.93777,0.06223,486
142,52.50365581,10.29652627,"[1, 2, 1, 1, 3]",0.93777,0.06223,247
142,52.50365581,10.29652627,"[2, 2, 2, 1, 3]",0.93777,0.06223,494
142,52.50365581,10.29652627,"[2, 2, 1, 3, 3]",0.93777,0.06223,397
142,52.50365581,10.29652627,"[1, 2, 1, 3, 1]",0.93777,0.06223,253
143,50.03604826,10.97531237,"[2, 1, 1, 3, 1]",0.429758,0.570242,30
143,50.03604826,10.97531237,"[2, 1, 1, 1, 1]",0.429758,0.570242,58
143,50.03604826,10.97531237,"[1, 2, 3, 1, 1]",0.429758,0.570242,258
143,50.03604826,10.97531237,"[1, 3, 3, 3, 1]",0.429758,0.570242,220
143,50.03604826,10.97531237,"[1, 1, 3, 3, 1]",0.429758,0.570242,452
144,49.57715727,8.35178124,"[1, 1, 3, 1, 3]",0.586678,0.413322,287
144,49.57715727,8.35178124,"[2, 2, 2, 1, 1]",0.586678,0.413322,111
144,49.57715727,8.35178124,"[2, 3, 3, 3, 3]",0.586678,0.413322,215
144,49.57715727,8.35178124,"[1, 1, 2, 2, 1]",0.586678,0.413322,220
144,49.57715727,8.35178124,"[2, 3, 1, 1, 3]",0.586678,0.413322,430
145,47.85483025,9.821035163,"[2, 1, 1, 1, 1]",0.76285,0.23715,34
145,47.85483025,9.821035163,"[2, 1, 3, 3, 1]",0.76285,0.23715,12
145,47.85483025,9.821035163,"[2, 1, 2, 3, 3]",0.76285,0.23715,9
145,47.85483025,9.821035163,"[1, 1, 1, 1, 3]",0.76285,0.23715,165
145,47.85483025,9.821035163,"[2, 3, 3, 1, 1]",0.76285,0.23715,271
146,50.30906214,6.647048833,"[1, 1, 1, 3, 3]",0.03723,0.96277,128
146,50.30906214,6.647048833,"[2, 2, 2, 3, 3]",0.03723,0.96277,297
146,50.30906214,6.647048833,"[2, 1, 2, 1, 1]",0.03723,0.96277,322
146,50.30906214,6.647048833,"[2, 1, 2, 3, 1]",0.03723,0.96277,380
146,50.30906214,6.647048833,"[2, 3, 1, 1, 3]",0.03723,0.96277,134
147,50.68493492,7.093880181,"[1, 1, 1, 2, 1]",0.360855,0.639145,1
147,50.68493492,7.093880181,"[2, 2, 3, 1, 3]",0.360855,0.639145,409
147,50.68493492,7.093880181,"[2, 2, 1, 1, 1]",0.360855,0.639145,30
147,50.68493492,7.093880181,"[2, 1, 2, 2, 1]",0.360855,0.639145,324
147,50.68493492,7.093880181,"[1, 1, 2, 3, 3]",0.360855,0.639145,50
148,53.9498958,12.29914189,"[2, 1, 2, 3, 1]",0.980927,0.019073,382
148,53.9498958,12.29914189,"[1, 1, 3, 3, 1]",0.980927,0.019073,140
148,53.9498958,12.29914189,"[2, 2, 2, 1, 3]",0.980927,0.019073,360
148,53.9498958,12.29914189,"[2, 3, 1, 3, 1]",0.980927,0.019073,169
148,53.9498958,12.29914189,"[1, 1, 1, 1, 1]",0.980927,0.019073,285
149,53.55199878,11.28328554,"[2, 1, 1, 3, 3]",0.37506,0.62494,78
149,53.55199878,11.28328554,"[2, 3, 3, 1, 1]",0.37506,0.62494,292
149,53.55199878,11.28328554,"[1, 1, 1, 1, 3]",0.37506,0.62494,158
149,53.55199878,11.28328554,"[1, 2, 1, 1, 3]",0.37506,0.62494,42
149,53.55199878,11.28328554,"[1, 1, 3, 1, 1]",0.37506,0.62494,197
150,51.04403077,14.81194805,"[1, 2, 1, 3, 3]",0.10902,0.89098,361
150,51.04403077,14.81194805,"[2, 1, 2, 1, 3]",0.10902,0.89098,316
150,51.04403077,14.81194805,"[2, 1, 1, 1, 3]",0.10902,0.89098,275
150,51.04403077,14.81194805,"[2, 3, 3, 3, 3]",0.10902,0.89098,253
150,51.04403077,14.81194805,"[1, 1, 1, 1, 3]",0.10902,0.89098,393
151,50.04242544,10.09619649,"[2, 1, 1, 1, 1]",0.61652,0.38348,345
151,50.04242544,10.09619649,"[2, 1, 2, 1, 3]",0.61652,0.38348,205
151,50.04242544,10.09619649,"[2, 1, 2, 1, 1]",0.61652,0.38348,186
151,50.04242544,10.09619649,"[2, 1, 3, 1, 3]",0.61652,0.38348,151
151,50.04242544,10.09619649,"[2, 1, 3, 1, 1]",0.61652,0.38348,399
152,50.9765979,7.929124533,"[2, 1, 3, 1, 1]",0.121455,0.878545,397
152,50.9765979,7.929124533,"[1, 2, 1, 1, 1]",0.121455,0.878545,465
152,50.9765979,7.929124533,"[2, 2, 1, 1, 1]",0.121455,0.878545,239
152,50.9765979,7.929124533,"[2, 1, 1, 3, 3]",0.121455,0.878545,433
152,50.9765979,7.929124533,"[1, 2, 1, 3, 3]",0.121455,0.878545,187
153,50.12870251,8.661943722,"[2, 3, 3, 1, 1]",0.056495,0.943505,199
153,50.12870251,8.661943722,"[2, 2, 1, 3, 1]",0.056495,0.943505,504
153,50.12870251,8.661943722,"[1, 3, 3, 1, 3]",0.056495,0.943505,386
153,50.12870251,8.661943722,"[2, 2, 1, 3, 3]",0.056495,0.943505,159
153,50.12870251,8.661943722,"[1, 2, 1, 1, 3]",0.056495,0.943505,231
154,50.1360077,9.147948335,"[2, 2, 3, 1, 3]",0.89001,0.10999,229
154,50.1360077,9.147948335,"[1, 2, 2, 2, 3]",0.89001,0.10999,259
154,50.1360077,9.147948335,"[2, 1, 2, 2, 3]",0.89001,0.10999,22
154,50.1360077,9.147948335,"[1, 1, 3, 1, 3]",0.89001,0.10999,60
154,50.1360077,9.147948335,"[1, 2, 2, 3, 3]",0.89001,0.10999,210
155,48.50694705,8.964417805,"[1, 1, 1, 3, 3]",0.022909,0.977091,108
155,48.50694705,8.964417805,"[2, 1, 2, 1, 1]",0.022909,0.977091,336
155,48.50694705,8.964417805,"[2, 1, 1, 3, 1]",0.022909,0.977091,146
155,48.50694705,8.964417805,"[2, 1, 1, 2, 3]",0.022909,0.977091,484
155,48.50694705,8.964417805,"[1, 2, 2, 1, 1]",0.022909,0.977091,344
156,49.10716867,8.315250609,"[1, 2, 1, 3, 1]",0.54689,0.45311,219
156,49.10716867,8.315250609,"[1, 3, 3, 1, 3]",0.54689,0.45311,135
156,49.10716867,8.315250609,"[2, 1, 3, 3, 3]",0.54689,0.45311,311
156,49.10716867,8.315250609,"[1, 1, 1, 3, 1]",0.54689,0.45311,117
156,49.10716867,8.315250609,"[2, 1, 1, 1, 3]",0.54689,0.45311,391
157,49.35742001,7.661243725,"[2, 1, 2, 3, 1]",0.66299,0.33701,384
157,49.35742001,7.661243725,"[2, 1, 1, 1, 3]",0.66299,0.33701,508
157,49.35742001,7.661243725,"[2, 3, 3, 1, 1]",0.66299,0.33701,510
157,49.35742001,7.661243725,"[2, 2, 1, 3, 1]",0.66299,0.33701,157
157,49.35742001,7.661243725,"[2, 2, 2, 3, 3]",0.66299,0.33701,353
158,53.51481173,13.93315105,"[2, 2, 1, 1, 3]",0.13866,0.86134,277
158,53.51481173,13.93315105,"[2, 2, 3, 3, 3]",0.13866,0.86134,262
158,53.51481173,13.93315105,"[2, 1, 2, 3, 3]",0.13866,0.86134,257
158,53.51481173,13.93315105,"[2, 3, 1, 3, 3]",0.13866,0.86134,440
158,53.51481173,13.93315105,"[1, 3, 1, 3, 1]",0.13866,0.86134,329
159,49.03885586,12.04231084,"[2, 2, 2, 1, 3]",0.75889,0.24111,6
159,49.03885586,12.04231084,"[1, 1, 3, 1, 1]",0.75889,0.24111,236
159,49.03885586,12.04231084,"[1, 2, 3, 1, 3]",0.75889,0.24111,255
159,49.03885586,12.04231084,"[1, 1, 2, 1, 1]",0.75889,0.24111,443
159,49.03885586,12.04231084,"[2, 1, 1, 1, 1]",0.75889,0.24111,131
160,49.70577566,6.565085965,"[2, 1, 3, 1, 1]",0.62766,0.37234,349
160,49.70577566,6.565085965,"[2, 1, 1, 3, 1]",0.62766,0.37234,379
160,49.70577566,6.565085965,"[2, 3, 1, 1, 1]",0.62766,0.37234,88
160,49.70577566,6.565085965,"[1, 1, 3, 1, 1]",0.62766,0.37234,172
160,49.70577566,6.565085965,"[1, 2, 1, 1, 1]",0.62766,0.37234,138
161,48.85199275,9.153354667,"[2, 2, 1, 3, 1]",0.584501,0.415499,359
161,48.85199275,9.153354667,"[2, 2, 1, 1, 3]",0.584501,0.415499,207
161,48.85199275,9.153354667,"[1, 2, 1, 1, 3]",0.584501,0.415499,463
161,48.85199275,9.153354667,"[2, 1, 3, 3, 1]",0.584501,0.415499,344
161,48.85199275,9.153354667,"[1, 3, 3, 3, 3]",0.584501,0.415499,481
162,51.41890055,9.692294347,"[1, 1, 1, 3, 3]",0.12013,0.87987,29
162,51.41890055,9.692294347,"[1, 2, 1, 1, 1]",0.12013,0.87987,54
162,51.41890055,9.692294347,"[2, 1, 1, 3, 1]",0.12013,0.87987,260
162,51.41890055,9.692294347,"[1, 2, 2, 1, 1]",0.12013,0.87987,455
162,51.41890055,9.692294347,"[2, 2, 1, 1, 1]",0.12013,0.87987,37
163,51.18048807,6.33608751,"[1, 1, 2, 2, 1]",0.435908,0.564092,478
163,51.18048807,6.33608751,"[1, 2, 1, 1, 3]",0.435908,0.564092,482
163,51.18048807,6.33608751,"[2, 1, 1, 3, 3]",0.435908,0.564092,473
163,51.18048807,6.33608751,"[1, 1, 3, 1, 1]",0.435908,0.564092,168
163,51.18048807,6.33608751,"[2, 1, 3, 1, 3]",0.435908,0.564092,416
164,51.6096945,8.849867694,"[2, 3, 1, 3, 3]",0.73478,0.26522,90
164,51.6096945,8.849867694,"[1, 2, 1, 3, 1]",0.73478,0.26522,416
164,51.6096945,8.849867694,"[1, 2, 2, 1, 3]",0.73478,0.26522,505
164,51.6096945,8.849867694,"[1, 1, 3, 1, 1]",0.73478,0.26522,500
164,51.6096945,8.849867694,"[1, 1, 2, 2, 3]",0.73478,0.26522,163
165,50.70337959,9.614942386,"[1, 1, 3, 1, 1]",0.630068,0.369932,235
165,50.70337959,9.614942386,"[1, 1, 1, 1, 1]",0.630068,0.369932,312
165,50.70337959,9.614942386,"[2, 2, 3, 1, 1]",0.630068,0.369932,159
165,50.70337959,9.614942386,"[1, 2, 1, 1, 1]",0.630068,0.369932,405
165,50.70337959,9.614942386,"[2, 3, 1, 1, 1]",0.630068,0.369932,172
166,51.24733497,13.25775667,"[2, 1, 2, 1, 1]",0.95064,0.04936,61
166,51.24733497,13.25775667,"[2, 2, 2, 3, 3]",0.95064,0.04936,492
166,51.24733497,13.25775667,"[1, 1, 1, 3, 1]",0.95064,0.04936,30
166,51.24733497,13.25775667,"[2, 1, 3, 1, 3]",0.95064,0.04936,119
166,51.24733497,13.25775667,"[1, 2, 1, 1, 1]",0.95064,0.04936,219
167,48.9814945,10.22527462,"[1, 2, 2, 1, 3]",0.298897,0.701103,269
167,48.9814945,10.22527462,"[2, 1, 1, 1, 1]",0.298897,0.701103,433
167,48.9814945,10.22527462,"[1, 1, 3, 1, 3]",0.298897,0.701103,21
167,48.9814945,10.22527462,"[2, 1, 2, 3, 1]",0.298897,0.701103,6
167,48.9814945,10.22527462,"[2, 1, 1, 1, 3]",0.298897,0.701103,449
168,51.55998909,8.687678063,"[1, 1, 1, 1, 1]",0.873924,0.126076,124
168,51.55998909,8.687678063,"[1, 1, 3, 1, 1]",0.873924,0.126076,293
168,51.55998909,8.687678063,"[1, 2, 1, 3, 1]",0.873924,0.126076,76
168,51.55998909,8.687678063,"[1, 2, 1, 1, 1]",0.873924,0.126076,436
168,51.55998909,8.687678063,"[1, 2, 2, 3, 3]",0.873924,0.126076,96
169,51.22063949,6.366801134,"[2, 1, 1, 3, 1]",0.222681,0.777319,235
169,51.22063949,6.366801134,"[2, 1, 1, 1, 3]",0.222681,0.777319,214
169,51.22063949,6.366801134,"[2, 3, 1, 1, 1]",0.222681,0.777319,300
169,51.22063949,6.366801134,"[1, 2, 3, 1, 3]",0.222681,0.777319,178
169,51.22063949,6.366801134,"[1, 1, 1, 1, 1]",0.222681,0.777319,176
170,52.48554912,13.00409369,"[2, 1, 1, 3, 3]",0.484521,0.515479,440
170,52.48554912,13.00409369,"[2, 1, 1, 1, 3]",0.484521,0.515479,305
170,52.48554912,13.00409369,"[1, 2, 1, 3, 3]",0.484521,0.515479,305
170,52.48554912,13.00409369,"[2, 1, 1, 2, 3]",0.484521,0.515479,447
170,52.48554912,13.00409369,"[2, 2, 3, 1, 1]",0.484521,0.515479,103
171,48.33506891,11.7603285,"[2, 1, 1, 3, 1]",0.5714,0.4286,233
171,48.33506891,11.7603285,"[1, 1, 2, 1, 3]",0.5714,0.4286,274
171,48.33506891,11.7603285,"[2, 3, 3, 1, 3]",0.5714,0.4286,229
171,48.33506891,11.7603285,"[1, 2, 2, 3, 1]",0.5714,0.4286,421
171,48.33506891,11.7603285,"[2, 1, 2, 3, 3]",0.5714,0.4286,184
172,49.28687517,6.90104159,"[2, 1, 2, 1, 3]",0.445421,0.554579,99
172,49.28687517,6.90104159,"[2, 3, 1, 3, 3]",0.445421,0.554579,204
172,49.28687517,6.90104159,"[1, 2, 1, 1, 1]",0.445421,0.554579,434
172,49.28687517,6.90104159,"[2, 1, 1, 1, 3]",0.445421,0.554579,193
172,49.28687517,6.90104159,"[2, 1, 3, 1, 1]",0.445421,0.554579,371
173,50.25499973,7.654559843,"[1, 1, 2, 1, 3]",0.71262,0.28738,191
173,50.25499973,7.654559843,"[2, 1, 3, 3, 1]",0.71262,0.28738,438
173,50.25499973,7.654559843,"[2, 1, 3, 3, 3]",0.71262,0.28738,196
173,50.25499973,7.654559843,"[1, 2, 1, 2, 3]",0.71262,0.28738,455
173,50.25499973,7.654559843,"[2, 2, 1, 1, 3]",0.71262,0.28738,376
174,48.03144783,7.871873264,"[1, 1, 1, 3, 1]",0.50326,0.49674,501
174,48.03144783,7.871873264,"[2, 2, 1, 1, 1]",0.50326,0.49674,483
174,48.03144783,7.871873264,"[1, 2, 3, 3, 1]",0.50326,0.49674,52
174,48.03144783,7.871873264,"[2, 3, 1, 3, 3]",0.50326,0.49674,452
174,48.03144783,7.871873264,"[1, 2, 1, 1, 1]",0.50326,0.49674,413
175,52.26112158,10.88468475,"[2, 2, 1, 2, 1]",0.660344,0.339656,285
175,52.26112158,10.88468475,"[1, 2, 1, 1, 1]",0.660344,0.339656,181
175,52.26112158,10.88468475,"[2, 2, 2, 1, 1]",0.660344,0.339656,487
175,52.26112158,10.88468475,"[1, 1, 1, 1, 3]",0.660344,0.339656,277
175,52.26112158,10.88468475,"[2, 2, 1, 3, 3]",0.660344,0.339656,114
176,54.27746674,13.21387726,"[2, 1, 1, 1, 3]",0.936029,0.063971,462
176,54.27746674,13.21387726,"[1, 2, 2, 1, 1]",0.936029,0.063971,353
176,54.27746674,13.21387726,"[2, 2, 2, 2, 1]",0.936029,0.063971,454
176,54.27746674,13.21387726,"[1, 2, 2, 2, 3]",0.936029,0.063971,273
176,54.27746674,13.21387726,"[2, 1, 2, 3, 1]",0.936029,0.063971,365
177,51.73495409,13.95424282,"[1, 2, 2, 3, 3]",0.40505,0.59495,74
177,51.73495409,13.95424282,"[1, 1, 1, 1, 3]",0.40505,0.59495,405
177,51.73495409,13.95424282,"[2, 1, 3, 3, 1]",0.40505,0.59495,398
177,51.73495409,13.95424282,"[2, 1, 1, 1, 3]",0.40505,0.59495,207
177,51.73495409,13.95424282,"[1, 2, 3, 3, 3]",0.40505,0.59495,269
178,49.26347042,9.250812491,"[2, 1, 1, 3, 1]",0.51676,0.48324,396
178,49.26347042,9.250812491,"[1, 2, 1, 3, 3]",0.51676,0.48324,339
178,49.26347042,9.250812491,"[1, 1, 2, 3, 1]",0.51676,0.48324,229
178,49.26347042,9.250812491,"[2, 1, 2, 1, 1]",0.51676,0.48324,139
178,49.26347042,9.250812491,"[1, 2, 2, 3, 1]",0.51676,0.48324,55
179,53.82382621,10.56485011,"[1, 1, 1, 3, 3]",0.32867,0.67133,246
179,53.82382621,10.56485011,"[2, 3, 3, 3, 3]",0.32867,0.67133,225
179,53.82382621,10.56485011,"[1, 1, 2, 1, 1]",0.32867,0.67133,44
179,53.82382621,10.56485011,"[2, 2, 2, 2, 3]",0.32867,0.67133,504
179,53.82382621,10.56485011,"[1, 3, 3, 1, 3]",0.32867,0.67133,499
180,48.36828092,11.84131255,"[2, 2, 1, 2, 3]",0.55396,0.44604,234
180,48.36828092,11.84131255,"[1, 2, 1, 2, 1]",0.55396,0.44604,376
180,48.36828092,11.84131255,"[2, 3, 1, 3, 3]",0.55396,0.44604,166
180,48.36828092,11.84131255,"[1, 1, 2, 2, 3]",0.55396,0.44604,320
180,48.36828092,11.84131255,"[1, 3, 3, 1, 1]",0.55396,0.44604,54
181,51.48604935,14.26084851,"[1, 2, 3, 1, 3]",0.93747,0.06253,124
181,51.48604935,14.26084851,"[1, 3, 1, 3, 3]",0.93747,0.06253,132
181,51.48604935,14.26084851,"[2, 2, 1, 3, 1]",0.93747,0.06253,476
181,51.48604935,14.26084851,"[1, 1, 1, 2, 3]",0.93747,0.06253,179
181,51.48604935,14.26084851,"[1, 3, 3, 3, 3]",0.93747,0.06253,338
182,53.39613896,11.32924905,"[1, 1, 2, 2, 3]",0.32939,0.67061,116
182,53.39613896,11.32924905,"[2, 3, 1, 3, 3]",0.32939,0.67061,357
182,53.39613896,11.32924905,"[2, 2, 2, 3, 3]",0.32939,0.67061,359
182,53.39613896,11.32924905,"[1, 1, 1, 3, 1]",0.32939,0.67061,448
182,53.39613896,11.32924905,"[2, 1, 2, 1, 1]",0.32939,0.67061,239
183,47.82750889,9.26346236,"[1, 1, 3, 3, 1]",0.11091,0.88909,174
183,47.82750889,9.26346236,"[2, 1, 2, 2, 1]",0.11091,0.88909,253
183,47.82750889,9.26346236,"[1, 3, 1, 3, 3]",0.11091,0.88909,41
183,47.82750889,9.26346236,"[2, 1, 2, 1, 1]",0.11091,0.88909,313
183,47.82750889,9.26346236,"[1, 2, 2, 1, 1]",0.11091,0.88909,500
184,52.26382153,10.84688832,"[1, 3, 1, 1, 1]",0.40714,0.59286,203
184,52.26382153,10.84688832,"[2, 2, 2, 1, 1]",0.40714,0.59286,121
184,52.26382153,10.84688832,"[1, 2, 1, 1, 3]",0.40714,0.59286,467
184,52.26382153,10.84688832,"[2, 2, 3, 3, 3]",0.40714,0.59286,22
184,52.26382153,10.84688832,"[1, 2, 2, 2, 1]",0.40714,0.59286,134
185,47.81140785,9.777010339,"[2, 1, 1, 3, 3]",0.968807,0.031193,348
185,47.81140785,9.777010339,"[2, 2, 1, 1, 3]",0.968807,0.031193,277
185,47.81140785,9.777010339,"[2, 1, 3, 1, 3]",0.968807,0.031193,330
185,47.81140785,9.777010339,"[2, 1, 1, 3, 1]",0.968807,0.031193,124
185,47.81140785,9.777010339,"[1, 3, 1, 3, 3]",0.968807,0.031193,221
186,54.41456334,9.91849595,"[2, 2, 1, 2, 1]",0.117979,0.882021,482
186,54.41456334,9.91849595,"[2, 1, 1, 1, 1]",0.117979,0.882021,145
186,54.41456334,9.91849595,"[1, 2, 2, 3, 3]",0.117979,0.882021,278
186,54.41456334,9.91849595,"[2, 2, 2, 1, 1]",0.117979,0.882021,53
186,54.41456334,9.91849595,"[2, 1, 2, 1, 3]",0.117979,0.882021,302
187,54.08418768,12.16837067,"[1, 2, 3, 1, 1]",0.72444,0.27556,451
187,54.08418768,12.16837067,"[2, 1, 1, 2, 3]",0.72444,0.27556,35
187,54.08418768,12.16837067,"[1, 2, 2, 1, 1]",0.72444,0.27556,168
187,54.08418768,12.16837067,"[2, 1, 1, 3, 1]",0.72444,0.27556,274
187,54.08418768,12.16837067,"[1, 1, 2, 1, 1]",0.72444,0.27556,29
188,48.52065421,10.91730082,"[1, 3, 1, 1, 3]",0.474369,0.525631,38
188,48.52065421,10.91730082,"[1, 2, 1, 1, 3]",0.474369,0.525631,418
188,48.52065421,10.91730082,"[1, 1, 1, 1, 3]",0.474369,0.525631,333
188,48.52065421,10.91730082,"[1, 2, 3, 3, 3]",0.474369,0.525631,471
188,48.52065421,10.91730082,"[2, 1, 3, 1, 1]",0.474369,0.525631,257
189,52.14312936,8.871211727,"[1, 1, 1, 3, 3]",0.985934,0.014066,468
189,52.14312936,8.871211727,"[1, 1, 1, 1, 1]",0.985934,0.014066,388
189,52.14312936,8.871211727,"[1, 2, 1, 1, 1]",0.985934,0.014066,285
189,52.14312936,8.871211727,"[2, 1, 1, 3, 3]",0.985934,0.014066,87
189,52.14312936,8.871211727,"[1, 1, 1, 2, 1]",0.985934,0.014066,421
190,50.69707922,12.45234018,"[1, 1, 1, 1, 1]",0.969816,0.030184,69
190,50.69707922,12.45234018,"[1, 3, 3, 1, 3]",0.969816,0.030184,67
190,50.69707922,12.45234018,"[2, 3, 1, 1, 3]",0.969816,0.030184,169
190,50.69707922,12.45234018,"[2, 3, 3, 3, 3]",0.969816,0.030184,447
190,50.69707922,12.45234018,"[2, 3, 3, 1, 1]",0.969816,0.030184,74
191,51.66286923,10.38955992,"[1, 3, 1, 1, 3]",0.938279,0.061721,288
191,51.66286923,10.38955992,"[1, 1, 2, 3, 1]",0.938279,0.061721,440
191,51.66286923,10.38955992,"[2, 3, 1, 1, 3]",0.938279,0.061721,388
191,51.66286923,10.38955992,"[2, 1, 2, 1, 1]",0.938279,0.061721,288
191,51.66286923,10.38955992,"[1, 1, 3, 3, 1]",0.938279,0.061721,410
192,47.95783823,8.591390762,"[2, 1, 1, 3, 1]",0.62761,0.37239,408
192,47.95783823,8.591390762,"[1, 1, 2, 2, 3]",0.62761,0.37239,475
192,47.95783823,8.591390762,"[2, 2, 2, 3, 3]",0.62761,0.37239,295
192,47.95783823,8.591390762,"[2, 2, 1, 1, 1]",0.62761,0.37239,391
192,47.95783823,8.591390762,"[1, 2, 2, 1, 1]",0.62761,0.37239,481
193,49.92094764,10.8973933,"[1, 1, 3, 1, 3]",0.729919,0.270081,334
193,49.92094764,10.8973933,"[1, 1, 2, 2, 3]",0.729919,0.270081,213
193,49.92094764,10.8973933,"[2, 1, 3, 1, 3]",0.729919,0.270081,92
193,49.92094764,10.8973933,"[2, 2, 2, 3, 1]",0.729919,0.270081,32
193,49.92094764,10.8973933,"[2, 2, 1, 1, 1]",0.729919,0.270081,332
194,50.78853843,6.227371102,"[2, 1, 3, 1, 1]",0.25843,0.74157,266
194,50.78853843,6.227371102,"[1, 1, 1, 3, 3]",0.25843,0.74157,15
194,50.78853843,6.227371102,"[2, 1, 2, 3, 3]",0.25843,0.74157,499
194,50.78853843,6.227371102,"[1, 2, 1, 3, 3]",0.25843,0.74157,58
194,50.78853843,6.227371102,"[1, 1, 1, 3, 1]",0.25843,0.74157,262
195,49.34222145,6.972991839,"[1, 2, 1, 1, 3]",0.93801,0.06199,245
195,49.34222145,6.972991839,"[2, 2, 1, 1, 3]",0.93801,0.06199,301
195,49.34222145,6.972991839,"[1, 3, 1, 3, 3]",0.93801,0.06199,375
195,49.34222145,6.972991839,"[1, 3, 3, 3, 3]",0.93801,0.06199,170
195,49.34222145,6.972991839,"[2, 1, 2, 1, 1]",0.93801,0.06199,411
196,54.09493983,12.32291168,"[2, 1, 2, 1, 1]",0.388028,0.611972,467
196,54.09493983,12.32291168,"[1, 1, 1, 1, 3]",0.388028,0.611972,309
196,54.09493983,12.32291168,"[2, 1, 1, 1, 3]",0.388028,0.611972,197
196,54.09493983,12.32291168,"[2, 2, 3, 1, 3]",0.388028,0.611972,490
196,54.09493983,12.32291168,"[1, 1, 1, 3, 3]",0.388028,0.611972,404
197,48.54068592,10.83310964,"[2, 2, 3, 1, 1]",0.55169,0.44831,480
197,48.54068592,10.83310964,"[1, 2, 2, 2, 3]",0.55169,0.44831,25
197,48.54068592,10.83310964,"[1, 1, 2, 1, 3]",0.55169,0.44831,102
197,48.54068592,10.83310964,"[1, 1, 3, 1, 3]",0.55169,0.44831,55
197,48.54068592,10.83310964,"[1, 2, 1, 3, 1]",0.55169,0.44831,151
198,50.58912138,12.43488232,"[1, 2, 3, 3, 1]",0.14242,0.85758,379
198,50.58912138,12.43488232,"[1, 2, 1, 1, 3]",0.14242,0.85758,315
198,50.58912138,12.43488232,"[1, 2, 1, 2, 1]",0.14242,0.85758,300
198,50.58912138,12.43488232,"[2, 1, 3, 1, 1]",0.14242,0.85758,48
198,50.58912138,12.43488232,"[2, 1, 2, 3, 3]",0.14242,0.85758,107
199,51.25163986,12.4826728,"[1, 2, 2, 1, 3]",0.815861,0.184139,120
199,51.25163986,12.4826728,"[1, 1, 1, 1, 1]",0.815861,0.184139,345
199,51.25163986,12.4826728,"[2, 2, 3, 3, 3]",0.815861,0.184139,246
199,51.25163986,12.4826728,"[2, 3, 3, 3, 1]",0.815861,0.184139,445
199,51.25163986,12.4826728,"[1, 1, 1, 1, 3]",0.815861,0.184139,429
200,51.5564952,7.925977849,"[2, 2, 1, 1, 3]",0.153813,0.846187,397
200,51.5564952,7.925977849,"[2, 2, 2, 1, 1]",0.153813,0.846187,199
200,51.5564952,7.925977849,"[1, 1, 1, 3, 1]",0.153813,0.846187,124
200,51.5564952,7.925977849,"[1, 3, 3, 1, 3]",0.153813,0.846187,32
200,51.5564952,7.925977849,"[2, 1, 3, 1, 1]",0.153813,0.846187,265
